dataset,condition,param_type,param_value,n_test,acc_sa,acc_ea,f1_sa,f1_ea,nll_sa,nll_ea,brier_sa,brier_ea,ece_sa,ece_ea,seed,n_estimators,use_hierarchical,sa_checkpoint,ea_checkpoint
cmc,clean,none,0.0,442,0.5656108597285068,0.5656108597285068,0.5265157583098646,0.5278966984882834,0.8821369140444959,0.8836340786511883,0.5247224785359643,0.525464978639203,0.052481208316880655,0.0361926852982508,42,8,True,/dss/dsshome1/0E/ra63pux2/Documents/thesis/code/tabicl-lfs/checkpoints_mini_tabicl_stage2_sa/step-1000.ckpt,/dss/dsshome1/0E/ra63pux2/Documents/thesis/code/tabicl-lfs/checkpoints_mini_tabicl_stage2_ea/step-1000_ea.ckpt
cmc,noise,sigma,0.0,442,0.5656108597285068,0.5656108597285068,0.5265157583098646,0.5278966984882834,0.8821369140444959,0.8836340786511883,0.5247224785359643,0.525464978639203,0.052481208316880655,0.0361926852982508,42,8,True,/dss/dsshome1/0E/ra63pux2/Documents/thesis/code/tabicl-lfs/checkpoints_mini_tabicl_stage2_sa/step-1000.ckpt,/dss/dsshome1/0E/ra63pux2/Documents/thesis/code/tabicl-lfs/checkpoints_mini_tabicl_stage2_ea/step-1000_ea.ckpt
cmc,noise,sigma,0.25,442,0.5361990950226244,0.5475113122171946,0.4862781054648115,0.5058959676048284,1.0121463355668565,1.0036138100784044,0.5729607058462868,0.5728478958066441,0.09247669139329125,0.07892860681223116,42,8,True,/dss/dsshome1/0E/ra63pux2/Documents/thesis/code/tabicl-lfs/checkpoints_mini_tabicl_stage2_sa/step-1000.ckpt,/dss/dsshome1/0E/ra63pux2/Documents/thesis/code/tabicl-lfs/checkpoints_mini_tabicl_stage2_ea/step-1000_ea.ckpt
cmc,noise,sigma,0.5,442,0.5294117647058824,0.5135746606334841,0.4642868891044074,0.4525314336635091,1.0764118823854716,1.0694977553051677,0.604064813486786,0.6063029467286462,0.08446229158213775,0.11091467353822959,42,8,True,/dss/dsshome1/0E/ra63pux2/Documents/thesis/code/tabicl-lfs/checkpoints_mini_tabicl_stage2_sa/step-1000.ckpt,/dss/dsshome1/0E/ra63pux2/Documents/thesis/code/tabicl-lfs/checkpoints_mini_tabicl_stage2_ea/step-1000_ea.ckpt
cmc,outliers,frac,0.0,442,0.5656108597285068,0.5656108597285068,0.5265157583098646,0.5278966984882834,0.8821369140444959,0.8836340786511883,0.5247224785359643,0.525464978639203,0.052481208316880655,0.0361926852982508,42,8,True,/dss/dsshome1/0E/ra63pux2/Documents/thesis/code/tabicl-lfs/checkpoints_mini_tabicl_stage2_sa/step-1000.ckpt,/dss/dsshome1/0E/ra63pux2/Documents/thesis/code/tabicl-lfs/checkpoints_mini_tabicl_stage2_ea/step-1000_ea.ckpt
cmc,outliers,frac,0.05,464,0.5625,0.5603448275862069,0.5203111272850248,0.5199772968290243,0.8924030631930947,0.894291543948709,0.5307336080427979,0.5315547318302174,0.04855592702997143,0.04221262654353832,42,8,True,/dss/dsshome1/0E/ra63pux2/Documents/thesis/code/tabicl-lfs/checkpoints_mini_tabicl_stage2_sa/step-1000.ckpt,/dss/dsshome1/0E/ra63pux2/Documents/thesis/code/tabicl-lfs/checkpoints_mini_tabicl_stage2_ea/step-1000_ea.ckpt
cmc,outliers,frac,0.1,486,0.5411522633744856,0.5390946502057613,0.4992035257185427,0.4989804929993602,0.970732856962459,0.9741475691157131,0.5663566207809776,0.5678506276321424,0.0702902469247457,0.07254803088712103,42,8,True,/dss/dsshome1/0E/ra63pux2/Documents/thesis/code/tabicl-lfs/checkpoints_mini_tabicl_stage2_sa/step-1000.ckpt,/dss/dsshome1/0E/ra63pux2/Documents/thesis/code/tabicl-lfs/checkpoints_mini_tabicl_stage2_ea/step-1000_ea.ckpt
cmc,rescale,factor,0.5,442,0.42081447963800905,0.42081447963800905,0.2059795436664044,0.2717862301396245,1.0640199958703644,1.0616582907423129,0.645719713261451,0.6412498630460357,0.05419072306533741,0.10800778629822969,42,8,True,/dss/dsshome1/0E/ra63pux2/Documents/thesis/code/tabicl-lfs/checkpoints_mini_tabicl_stage2_sa/step-1000.ckpt,/dss/dsshome1/0E/ra63pux2/Documents/thesis/code/tabicl-lfs/checkpoints_mini_tabicl_stage2_ea/step-1000_ea.ckpt
cmc,rescale,factor,2.0,442,0.4343891402714932,0.45475113122171945,0.2750235248094226,0.30610795454545453,1.0263294276214394,1.0416963352496726,0.6145530397885176,0.6228874652115748,0.1255930479430505,0.10822575050511514,42,8,True,/dss/dsshome1/0E/ra63pux2/Documents/thesis/code/tabicl-lfs/checkpoints_mini_tabicl_stage2_sa/step-1000.ckpt,/dss/dsshome1/0E/ra63pux2/Documents/thesis/code/tabicl-lfs/checkpoints_mini_tabicl_stage2_ea/step-1000_ea.ckpt
tae,clean,none,0.0,46,0.5869565217391305,0.5652173913043478,0.5864618094178717,0.5654761904761905,1.3708773674779746,1.6006473852823826,0.598832553443401,0.658947778453618,0.2873137554396754,0.299600908289785,42,8,True,/dss/dsshome1/0E/ra63pux2/Documents/thesis/code/tabicl-lfs/checkpoints_mini_tabicl_stage2_sa/step-1000.ckpt,/dss/dsshome1/0E/ra63pux2/Documents/thesis/code/tabicl-lfs/checkpoints_mini_tabicl_stage2_ea/step-1000_ea.ckpt
tae,noise,sigma,0.0,46,0.5869565217391305,0.5652173913043478,0.5864618094178717,0.5654761904761905,1.3708773674779746,1.6006473852823826,0.598832553443401,0.658947778453618,0.2873137554396754,0.299600908289785,42,8,True,/dss/dsshome1/0E/ra63pux2/Documents/thesis/code/tabicl-lfs/checkpoints_mini_tabicl_stage2_sa/step-1000.ckpt,/dss/dsshome1/0E/ra63pux2/Documents/thesis/code/tabicl-lfs/checkpoints_mini_tabicl_stage2_ea/step-1000_ea.ckpt
tae,noise,sigma,0.25,46,0.4782608695652174,0.45652173913043476,0.48328664799253035,0.4594771241830065,1.219669068639908,1.3231482849271492,0.7131247683985869,0.7338192485369273,0.23862512992775956,0.282431159330451,42,8,True,/dss/dsshome1/0E/ra63pux2/Documents/thesis/code/tabicl-lfs/checkpoints_mini_tabicl_stage2_sa/step-1000.ckpt,/dss/dsshome1/0E/ra63pux2/Documents/thesis/code/tabicl-lfs/checkpoints_mini_tabicl_stage2_ea/step-1000_ea.ckpt
tae,noise,sigma,0.5,46,0.4782608695652174,0.43478260869565216,0.47885304659498207,0.4343020022246941,1.2727925354589658,1.5129984325487469,0.743907670684963,0.8325351882851117,0.3239087255104729,0.3473112123168033,42,8,True,/dss/dsshome1/0E/ra63pux2/Documents/thesis/code/tabicl-lfs/checkpoints_mini_tabicl_stage2_sa/step-1000.ckpt,/dss/dsshome1/0E/ra63pux2/Documents/thesis/code/tabicl-lfs/checkpoints_mini_tabicl_stage2_ea/step-1000_ea.ckpt
tae,outliers,frac,0.0,46,0.5869565217391305,0.5652173913043478,0.5864618094178717,0.5654761904761905,1.3708773674779746,1.6006473852823826,0.598832553443401,0.658947778453618,0.2873137554396754,0.299600908289785,42,8,True,/dss/dsshome1/0E/ra63pux2/Documents/thesis/code/tabicl-lfs/checkpoints_mini_tabicl_stage2_sa/step-1000.ckpt,/dss/dsshome1/0E/ra63pux2/Documents/thesis/code/tabicl-lfs/checkpoints_mini_tabicl_stage2_ea/step-1000_ea.ckpt
tae,outliers,frac,0.05,48,0.5833333333333334,0.5416666666666666,0.5827175697865353,0.5421968160304874,1.3639869206114756,1.6173143410155486,0.6042682352033459,0.6799645724354498,0.28046062899132573,0.31181716422239936,42,8,True,/dss/dsshome1/0E/ra63pux2/Documents/thesis/code/tabicl-lfs/checkpoints_mini_tabicl_stage2_sa/step-1000.ckpt,/dss/dsshome1/0E/ra63pux2/Documents/thesis/code/tabicl-lfs/checkpoints_mini_tabicl_stage2_ea/step-1000_ea.ckpt
tae,outliers,frac,0.1,51,0.5686274509803921,0.5686274509803921,0.5674817674817675,0.5683490250553068,1.3292178924240552,1.523001565456434,0.5971002039266109,0.6451565327995422,0.25657872242086077,0.2751462816023359,42,8,True,/dss/dsshome1/0E/ra63pux2/Documents/thesis/code/tabicl-lfs/checkpoints_mini_tabicl_stage2_sa/step-1000.ckpt,/dss/dsshome1/0E/ra63pux2/Documents/thesis/code/tabicl-lfs/checkpoints_mini_tabicl_stage2_ea/step-1000_ea.ckpt
tae,rescale,factor,0.5,46,0.391304347826087,0.391304347826087,0.31319038336582194,0.313946482367535,1.67551155051761,2.2341107644842895,0.9077479214900421,1.0621594305508177,0.3859602970921475,0.5019665749176689,42,8,True,/dss/dsshome1/0E/ra63pux2/Documents/thesis/code/tabicl-lfs/checkpoints_mini_tabicl_stage2_sa/step-1000.ckpt,/dss/dsshome1/0E/ra63pux2/Documents/thesis/code/tabicl-lfs/checkpoints_mini_tabicl_stage2_ea/step-1000_ea.ckpt
tae,rescale,factor,2.0,46,0.391304347826087,0.391304347826087,0.3107497741644083,0.33366188769414573,1.2463366275885734,1.3449681154977033,0.7331880913435177,0.7708190555085217,0.20300543567408688,0.26700685205666913,42,8,True,/dss/dsshome1/0E/ra63pux2/Documents/thesis/code/tabicl-lfs/checkpoints_mini_tabicl_stage2_sa/step-1000.ckpt,/dss/dsshome1/0E/ra63pux2/Documents/thesis/code/tabicl-lfs/checkpoints_mini_tabicl_stage2_ea/step-1000_ea.ckpt
pm10,clean,none,0.0,150,0.6266666666666667,0.6333333333333333,0.62640099626401,0.633317036312725,0.6368972103647034,0.711670506492988,0.44736782528850144,0.4884520756202781,0.06921287337938947,0.14291192571322123,42,8,True,/dss/dsshome1/0E/ra63pux2/Documents/thesis/code/tabicl-lfs/checkpoints_mini_tabicl_stage2_sa/step-1000.ckpt,/dss/dsshome1/0E/ra63pux2/Documents/thesis/code/tabicl-lfs/checkpoints_mini_tabicl_stage2_ea/step-1000_ea.ckpt
pm10,noise,sigma,0.0,150,0.6266666666666667,0.6333333333333333,0.62640099626401,0.633317036312725,0.6368972103647034,0.711670506492988,0.44736782528850144,0.4884520756202781,0.06921287337938947,0.14291192571322123,42,8,True,/dss/dsshome1/0E/ra63pux2/Documents/thesis/code/tabicl-lfs/checkpoints_mini_tabicl_stage2_sa/step-1000.ckpt,/dss/dsshome1/0E/ra63pux2/Documents/thesis/code/tabicl-lfs/checkpoints_mini_tabicl_stage2_ea/step-1000_ea.ckpt
pm10,noise,sigma,0.25,150,0.6266666666666667,0.64,0.6266002844950214,0.64,0.6485895851796136,0.6842580737953069,0.45668639814641826,0.47043549054291606,0.07481021960576378,0.11632659475008648,42,8,True,/dss/dsshome1/0E/ra63pux2/Documents/thesis/code/tabicl-lfs/checkpoints_mini_tabicl_stage2_sa/step-1000.ckpt,/dss/dsshome1/0E/ra63pux2/Documents/thesis/code/tabicl-lfs/checkpoints_mini_tabicl_stage2_ea/step-1000_ea.ckpt
pm10,noise,sigma,0.5,150,0.56,0.5066666666666667,0.5463709677419355,0.5058760683760684,0.712781960960289,0.8191154221595837,0.5155599000135427,0.5851273836371226,0.0932872672875722,0.20054003834724426,42,8,True,/dss/dsshome1/0E/ra63pux2/Documents/thesis/code/tabicl-lfs/checkpoints_mini_tabicl_stage2_sa/step-1000.ckpt,/dss/dsshome1/0E/ra63pux2/Documents/thesis/code/tabicl-lfs/checkpoints_mini_tabicl_stage2_ea/step-1000_ea.ckpt
pm10,outliers,frac,0.0,150,0.6266666666666667,0.6333333333333333,0.62640099626401,0.633317036312725,0.6368972103647034,0.711670506492988,0.44736782528850144,0.4884520756202781,0.06921287337938947,0.14291192571322123,42,8,True,/dss/dsshome1/0E/ra63pux2/Documents/thesis/code/tabicl-lfs/checkpoints_mini_tabicl_stage2_sa/step-1000.ckpt,/dss/dsshome1/0E/ra63pux2/Documents/thesis/code/tabicl-lfs/checkpoints_mini_tabicl_stage2_ea/step-1000_ea.ckpt
pm10,outliers,frac,0.05,158,0.6139240506329114,0.620253164556962,0.613784812662793,0.620253164556962,0.6459710407752915,0.719463770648778,0.4560628099146871,0.49717469058306996,0.07722612536406216,0.15086879534057424,42,8,True,/dss/dsshome1/0E/ra63pux2/Documents/thesis/code/tabicl-lfs/checkpoints_mini_tabicl_stage2_sa/step-1000.ckpt,/dss/dsshome1/0E/ra63pux2/Documents/thesis/code/tabicl-lfs/checkpoints_mini_tabicl_stage2_ea/step-1000_ea.ckpt
pm10,outliers,frac,0.1,165,0.6060606060606061,0.6060606060606061,0.6060027184894016,0.6058289536550406,0.6500405698025785,0.7159427843245778,0.4599654397800551,0.4953683667216573,0.07693705558776855,0.1538065827254093,42,8,True,/dss/dsshome1/0E/ra63pux2/Documents/thesis/code/tabicl-lfs/checkpoints_mini_tabicl_stage2_sa/step-1000.ckpt,/dss/dsshome1/0E/ra63pux2/Documents/thesis/code/tabicl-lfs/checkpoints_mini_tabicl_stage2_ea/step-1000_ea.ckpt
pm10,rescale,factor,0.5,150,0.5533333333333333,0.5066666666666667,0.5359896578789418,0.358974358974359,0.6825816479572098,0.7409396392923725,0.4894390699153911,0.5412198703863023,0.0650625189145406,0.16376039266586306,42,8,True,/dss/dsshome1/0E/ra63pux2/Documents/thesis/code/tabicl-lfs/checkpoints_mini_tabicl_stage2_sa/step-1000.ckpt,/dss/dsshome1/0E/ra63pux2/Documents/thesis/code/tabicl-lfs/checkpoints_mini_tabicl_stage2_ea/step-1000_ea.ckpt
pm10,rescale,factor,2.0,150,0.5,0.49333333333333335,0.34482557800943453,0.4585866261398176,0.7179341420027411,0.6966425984248912,0.5241917456118464,0.5036336630242632,0.1223240053653717,0.08639826337496438,42,8,True,/dss/dsshome1/0E/ra63pux2/Documents/thesis/code/tabicl-lfs/checkpoints_mini_tabicl_stage2_sa/step-1000.ckpt,/dss/dsshome1/0E/ra63pux2/Documents/thesis/code/tabicl-lfs/checkpoints_mini_tabicl_stage2_ea/step-1000_ea.ckpt
chscase_census5,clean,none,0.0,120,0.5,0.48333333333333334,0.49650349650349646,0.48203842940685043,0.7338705516113262,0.9439825448994263,0.5377691079468695,0.6593302456860691,0.10905333956082665,0.25352501024802526,42,8,True,/dss/dsshome1/0E/ra63pux2/Documents/thesis/code/tabicl-lfs/checkpoints_mini_tabicl_stage2_sa/step-1000.ckpt,/dss/dsshome1/0E/ra63pux2/Documents/thesis/code/tabicl-lfs/checkpoints_mini_tabicl_stage2_ea/step-1000_ea.ckpt
chscase_census5,noise,sigma,0.0,120,0.5,0.48333333333333334,0.49650349650349646,0.48203842940685043,0.7338705516113262,0.9439825448994263,0.5377691079468695,0.6593302456860691,0.10905333956082665,0.25352501024802526,42,8,True,/dss/dsshome1/0E/ra63pux2/Documents/thesis/code/tabicl-lfs/checkpoints_mini_tabicl_stage2_sa/step-1000.ckpt,/dss/dsshome1/0E/ra63pux2/Documents/thesis/code/tabicl-lfs/checkpoints_mini_tabicl_stage2_ea/step-1000_ea.ckpt
chscase_census5,noise,sigma,0.25,120,0.425,0.4666666666666667,0.42464040025015637,0.46651847735482077,0.7335073245302042,0.9435861087569923,0.5379784569012276,0.6629308742459032,0.17760072797536852,0.2607117474079132,42,8,True,/dss/dsshome1/0E/ra63pux2/Documents/thesis/code/tabicl-lfs/checkpoints_mini_tabicl_stage2_sa/step-1000.ckpt,/dss/dsshome1/0E/ra63pux2/Documents/thesis/code/tabicl-lfs/checkpoints_mini_tabicl_stage2_ea/step-1000_ea.ckpt
chscase_census5,noise,sigma,0.5,120,0.49166666666666664,0.48333333333333334,0.4916313632891173,0.48203842940685043,0.7342880918335806,0.910369657701901,0.5385419027235907,0.6556621989556886,0.11071972648302715,0.24431596795717875,42,8,True,/dss/dsshome1/0E/ra63pux2/Documents/thesis/code/tabicl-lfs/checkpoints_mini_tabicl_stage2_sa/step-1000.ckpt,/dss/dsshome1/0E/ra63pux2/Documents/thesis/code/tabicl-lfs/checkpoints_mini_tabicl_stage2_ea/step-1000_ea.ckpt
chscase_census5,outliers,frac,0.0,120,0.5,0.48333333333333334,0.49650349650349646,0.48203842940685043,0.7338705516113262,0.9439825448994263,0.5377691079468695,0.6593302456860691,0.10905333956082665,0.25352501024802526,42,8,True,/dss/dsshome1/0E/ra63pux2/Documents/thesis/code/tabicl-lfs/checkpoints_mini_tabicl_stage2_sa/step-1000.ckpt,/dss/dsshome1/0E/ra63pux2/Documents/thesis/code/tabicl-lfs/checkpoints_mini_tabicl_stage2_ea/step-1000_ea.ckpt
chscase_census5,outliers,frac,0.05,126,0.5,0.48412698412698413,0.49743589743589745,0.48252985404688187,0.7327666635095009,0.9297443900922673,0.536764941252918,0.649532476597907,0.10474670737508746,0.24535729393126474,42,8,True,/dss/dsshome1/0E/ra63pux2/Documents/thesis/code/tabicl-lfs/checkpoints_mini_tabicl_stage2_sa/step-1000.ckpt,/dss/dsshome1/0E/ra63pux2/Documents/thesis/code/tabicl-lfs/checkpoints_mini_tabicl_stage2_ea/step-1000_ea.ckpt
chscase_census5,outliers,frac,0.1,132,0.49242424242424243,0.4772727272727273,0.4909928057553957,0.4765216391746652,0.7351616334012031,0.9287254781768788,0.539048257992947,0.649629489229384,0.10552227000395456,0.2496446655555205,42,8,True,/dss/dsshome1/0E/ra63pux2/Documents/thesis/code/tabicl-lfs/checkpoints_mini_tabicl_stage2_sa/step-1000.ckpt,/dss/dsshome1/0E/ra63pux2/Documents/thesis/code/tabicl-lfs/checkpoints_mini_tabicl_stage2_ea/step-1000_ea.ckpt
chscase_census5,rescale,factor,0.5,120,0.48333333333333334,0.5166666666666667,0.3258426966292135,0.34065934065934067,0.6973950609721323,0.6965077296643496,0.5042405005282159,0.5033257165362711,0.04902090231577555,0.04418401320775345,42,8,True,/dss/dsshome1/0E/ra63pux2/Documents/thesis/code/tabicl-lfs/checkpoints_mini_tabicl_stage2_sa/step-1000.ckpt,/dss/dsshome1/0E/ra63pux2/Documents/thesis/code/tabicl-lfs/checkpoints_mini_tabicl_stage2_ea/step-1000_ea.ckpt
chscase_census5,rescale,factor,2.0,120,0.5166666666666667,0.5166666666666667,0.34065934065934067,0.34065934065934067,0.6927117766154434,0.7616498235485479,0.4995644915757082,0.5628234441049661,0.006007059415181426,0.17785636981328323,42,8,True,/dss/dsshome1/0E/ra63pux2/Documents/thesis/code/tabicl-lfs/checkpoints_mini_tabicl_stage2_sa/step-1000.ckpt,/dss/dsshome1/0E/ra63pux2/Documents/thesis/code/tabicl-lfs/checkpoints_mini_tabicl_stage2_ea/step-1000_ea.ckpt
mushroom,clean,none,0.0,2438,1.0,1.0,1.0,1.0,1.722599956564621e-05,3.6926803376138867e-05,5.9243779927330086e-08,2.659870546763663e-07,1.710653305053711e-05,3.6835670471191406e-05,42,8,True,/dss/dsshome1/0E/ra63pux2/Documents/thesis/code/tabicl-lfs/checkpoints_mini_tabicl_stage2_sa/step-1000.ckpt,/dss/dsshome1/0E/ra63pux2/Documents/thesis/code/tabicl-lfs/checkpoints_mini_tabicl_stage2_ea/step-1000_ea.ckpt
mushroom,noise,sigma,0.0,2438,1.0,1.0,1.0,1.0,1.722599956564621e-05,3.6926803376138867e-05,5.9243779927330086e-08,2.659870546763663e-07,1.710653305053711e-05,3.6835670471191406e-05,42,8,True,/dss/dsshome1/0E/ra63pux2/Documents/thesis/code/tabicl-lfs/checkpoints_mini_tabicl_stage2_sa/step-1000.ckpt,/dss/dsshome1/0E/ra63pux2/Documents/thesis/code/tabicl-lfs/checkpoints_mini_tabicl_stage2_ea/step-1000_ea.ckpt
mushroom,noise,sigma,0.25,2438,1.0,1.0,1.0,1.0,1.722599956564621e-05,3.6926803376138867e-05,5.9243779927330086e-08,2.659870546763663e-07,1.710653305053711e-05,3.6835670471191406e-05,42,8,True,/dss/dsshome1/0E/ra63pux2/Documents/thesis/code/tabicl-lfs/checkpoints_mini_tabicl_stage2_sa/step-1000.ckpt,/dss/dsshome1/0E/ra63pux2/Documents/thesis/code/tabicl-lfs/checkpoints_mini_tabicl_stage2_ea/step-1000_ea.ckpt
mushroom,noise,sigma,0.5,2438,1.0,1.0,1.0,1.0,1.722599956564621e-05,3.6926803376138867e-05,5.9243779927330086e-08,2.659870546763663e-07,1.710653305053711e-05,3.6835670471191406e-05,42,8,True,/dss/dsshome1/0E/ra63pux2/Documents/thesis/code/tabicl-lfs/checkpoints_mini_tabicl_stage2_sa/step-1000.ckpt,/dss/dsshome1/0E/ra63pux2/Documents/thesis/code/tabicl-lfs/checkpoints_mini_tabicl_stage2_ea/step-1000_ea.ckpt
mushroom,outliers,frac,0.0,2438,1.0,1.0,1.0,1.0,1.722599956564621e-05,3.6926803376138867e-05,5.9243779927330086e-08,2.659870546763663e-07,1.710653305053711e-05,3.6835670471191406e-05,42,8,True,/dss/dsshome1/0E/ra63pux2/Documents/thesis/code/tabicl-lfs/checkpoints_mini_tabicl_stage2_sa/step-1000.ckpt,/dss/dsshome1/0E/ra63pux2/Documents/thesis/code/tabicl-lfs/checkpoints_mini_tabicl_stage2_ea/step-1000_ea.ckpt
mushroom,outliers,frac,0.05,2560,0.97578125,0.9734375,0.9757661038148843,0.9734088703902395,0.04436756672385243,0.049681311278984536,0.0320633251372176,0.034124828321760683,0.012574579706415531,0.014251426025293758,42,8,True,/dss/dsshome1/0E/ra63pux2/Documents/thesis/code/tabicl-lfs/checkpoints_mini_tabicl_stage2_sa/step-1000.ckpt,/dss/dsshome1/0E/ra63pux2/Documents/thesis/code/tabicl-lfs/checkpoints_mini_tabicl_stage2_ea/step-1000_ea.ckpt
mushroom,outliers,frac,0.1,2682,0.9522744220730798,0.9563758389261745,0.95226271525831,0.9563233221634149,0.08314942906160903,0.08214563103719415,0.06005200417105662,0.05799486436352854,0.022869459401307746,0.022422238573220864,42,8,True,/dss/dsshome1/0E/ra63pux2/Documents/thesis/code/tabicl-lfs/checkpoints_mini_tabicl_stage2_sa/step-1000.ckpt,/dss/dsshome1/0E/ra63pux2/Documents/thesis/code/tabicl-lfs/checkpoints_mini_tabicl_stage2_ea/step-1000_ea.ckpt
climate-model-simulation-crashes,clean,none,0.0,162,0.9259259259259259,0.9382716049382716,0.6055194805194806,0.7058823529411764,0.24067586353600898,0.2320221992615207,0.12412414588522613,0.10773172684595511,0.05932288110992053,0.04774793724954867,42,8,True,/dss/dsshome1/0E/ra63pux2/Documents/thesis/code/tabicl-lfs/checkpoints_mini_tabicl_stage2_sa/step-1000.ckpt,/dss/dsshome1/0E/ra63pux2/Documents/thesis/code/tabicl-lfs/checkpoints_mini_tabicl_stage2_ea/step-1000_ea.ckpt
climate-model-simulation-crashes,noise,sigma,0.0,162,0.9259259259259259,0.9382716049382716,0.6055194805194806,0.7058823529411764,0.24067586353600898,0.2320221992615207,0.12412414588522613,0.10773172684595511,0.05932288110992053,0.04774793724954867,42,8,True,/dss/dsshome1/0E/ra63pux2/Documents/thesis/code/tabicl-lfs/checkpoints_mini_tabicl_stage2_sa/step-1000.ckpt,/dss/dsshome1/0E/ra63pux2/Documents/thesis/code/tabicl-lfs/checkpoints_mini_tabicl_stage2_ea/step-1000_ea.ckpt
climate-model-simulation-crashes,noise,sigma,0.25,162,0.9197530864197531,0.9320987654320988,0.545631067961165,0.6924935289042278,0.21870057837120097,0.22456952833736982,0.12241221882564558,0.11551584366099124,0.05594275799798373,0.054991896873638924,42,8,True,/dss/dsshome1/0E/ra63pux2/Documents/thesis/code/tabicl-lfs/checkpoints_mini_tabicl_stage2_sa/step-1000.ckpt,/dss/dsshome1/0E/ra63pux2/Documents/thesis/code/tabicl-lfs/checkpoints_mini_tabicl_stage2_ea/step-1000_ea.ckpt
climate-model-simulation-crashes,noise,sigma,0.5,162,0.9197530864197531,0.9320987654320988,0.5964744203870473,0.6924935289042278,0.2814257485474648,0.2942951304817355,0.13949794407826188,0.13865614981128338,0.04225826226634744,0.057612296975689134,42,8,True,/dss/dsshome1/0E/ra63pux2/Documents/thesis/code/tabicl-lfs/checkpoints_mini_tabicl_stage2_sa/step-1000.ckpt,/dss/dsshome1/0E/ra63pux2/Documents/thesis/code/tabicl-lfs/checkpoints_mini_tabicl_stage2_ea/step-1000_ea.ckpt
climate-model-simulation-crashes,outliers,frac,0.0,162,0.9259259259259259,0.9382716049382716,0.6055194805194806,0.7058823529411764,0.24067586353600898,0.2320221992615207,0.12412414588522613,0.10773172684595511,0.05932288110992053,0.04774793724954867,42,8,True,/dss/dsshome1/0E/ra63pux2/Documents/thesis/code/tabicl-lfs/checkpoints_mini_tabicl_stage2_sa/step-1000.ckpt,/dss/dsshome1/0E/ra63pux2/Documents/thesis/code/tabicl-lfs/checkpoints_mini_tabicl_stage2_ea/step-1000_ea.ckpt
climate-model-simulation-crashes,outliers,frac,0.05,170,0.9176470588235294,0.9294117647058824,0.5893719806763285,0.68125,0.2535897368181683,0.25090563297301444,0.13378031461552897,0.1232978502342377,0.06451654364080989,0.04976730311618134,42,8,True,/dss/dsshome1/0E/ra63pux2/Documents/thesis/code/tabicl-lfs/checkpoints_mini_tabicl_stage2_sa/step-1000.ckpt,/dss/dsshome1/0E/ra63pux2/Documents/thesis/code/tabicl-lfs/checkpoints_mini_tabicl_stage2_ea/step-1000_ea.ckpt
climate-model-simulation-crashes,outliers,frac,0.1,178,0.9269662921348315,0.9325842696629213,0.5984730175255943,0.6821428571428572,0.2634999552385907,0.2565408318842875,0.1409693302607071,0.12760360271251392,0.06916105680251387,0.058770858169941445,42,8,True,/dss/dsshome1/0E/ra63pux2/Documents/thesis/code/tabicl-lfs/checkpoints_mini_tabicl_stage2_sa/step-1000.ckpt,/dss/dsshome1/0E/ra63pux2/Documents/thesis/code/tabicl-lfs/checkpoints_mini_tabicl_stage2_ea/step-1000_ea.ckpt
climate-model-simulation-crashes,rescale,factor,0.5,162,0.9135802469135802,0.9135802469135802,0.4774193548387097,0.4774193548387097,0.49181182636110204,0.6108704691139611,0.17126739824736525,0.17234304964003017,0.08036964322313855,0.08477162505373548,42,8,True,/dss/dsshome1/0E/ra63pux2/Documents/thesis/code/tabicl-lfs/checkpoints_mini_tabicl_stage2_sa/step-1000.ckpt,/dss/dsshome1/0E/ra63pux2/Documents/thesis/code/tabicl-lfs/checkpoints_mini_tabicl_stage2_ea/step-1000_ea.ckpt
climate-model-simulation-crashes,rescale,factor,2.0,162,0.9135802469135802,0.8888888888888888,0.4774193548387097,0.5611077664057796,0.4285413407431591,0.40934009596392507,0.25196638835212376,0.24014871714606117,0.22126572477964698,0.17909845157905863,42,8,True,/dss/dsshome1/0E/ra63pux2/Documents/thesis/code/tabicl-lfs/checkpoints_mini_tabicl_stage2_sa/step-1000.ckpt,/dss/dsshome1/0E/ra63pux2/Documents/thesis/code/tabicl-lfs/checkpoints_mini_tabicl_stage2_ea/step-1000_ea.ckpt
kc2,clean,none,0.0,157,0.8280254777070064,0.821656050955414,0.69355888093689,0.7039331896551724,0.4687946713334755,0.49799421680707084,0.2675611878672942,0.27806154054794324,0.1025647114796244,0.08365073705175119,42,8,True,/dss/dsshome1/0E/ra63pux2/Documents/thesis/code/tabicl-lfs/checkpoints_mini_tabicl_stage2_sa/step-1000.ckpt,/dss/dsshome1/0E/ra63pux2/Documents/thesis/code/tabicl-lfs/checkpoints_mini_tabicl_stage2_ea/step-1000_ea.ckpt
kc2,noise,sigma,0.0,157,0.8280254777070064,0.821656050955414,0.69355888093689,0.7039331896551724,0.4687946713334755,0.49799421680707084,0.2675611878672942,0.27806154054794324,0.1025647114796244,0.08365073705175119,42,8,True,/dss/dsshome1/0E/ra63pux2/Documents/thesis/code/tabicl-lfs/checkpoints_mini_tabicl_stage2_sa/step-1000.ckpt,/dss/dsshome1/0E/ra63pux2/Documents/thesis/code/tabicl-lfs/checkpoints_mini_tabicl_stage2_ea/step-1000_ea.ckpt
kc2,noise,sigma,0.25,157,0.821656050955414,0.554140127388535,0.6957364341085271,0.5015420899854862,0.5630226905396042,0.6847037762772681,0.3733209189085068,0.48918920606691035,0.21657917681772998,0.07805574509748228,42,8,True,/dss/dsshome1/0E/ra63pux2/Documents/thesis/code/tabicl-lfs/checkpoints_mini_tabicl_stage2_sa/step-1000.ckpt,/dss/dsshome1/0E/ra63pux2/Documents/thesis/code/tabicl-lfs/checkpoints_mini_tabicl_stage2_ea/step-1000_ea.ckpt
kc2,noise,sigma,0.5,157,0.7070063694267515,0.2356687898089172,0.6463963963963963,0.22174487772637147,0.6393035798839265,0.8996576183042393,0.44654019788152616,0.6933916258969055,0.15012319945985342,0.41146899446560314,42,8,True,/dss/dsshome1/0E/ra63pux2/Documents/thesis/code/tabicl-lfs/checkpoints_mini_tabicl_stage2_sa/step-1000.ckpt,/dss/dsshome1/0E/ra63pux2/Documents/thesis/code/tabicl-lfs/checkpoints_mini_tabicl_stage2_ea/step-1000_ea.ckpt
kc2,outliers,frac,0.0,157,0.8280254777070064,0.821656050955414,0.69355888093689,0.7039331896551724,0.4687946713334755,0.49799421680707084,0.2675611878672942,0.27806154054794324,0.1025647114796244,0.08365073705175119,42,8,True,/dss/dsshome1/0E/ra63pux2/Documents/thesis/code/tabicl-lfs/checkpoints_mini_tabicl_stage2_sa/step-1000.ckpt,/dss/dsshome1/0E/ra63pux2/Documents/thesis/code/tabicl-lfs/checkpoints_mini_tabicl_stage2_ea/step-1000_ea.ckpt
kc2,outliers,frac,0.05,165,0.793939393939394,0.7878787878787878,0.6623736157920077,0.6722660461948811,0.4912843401285651,0.5380969890618145,0.28994439231982483,0.31559334167500575,0.11990665377992574,0.10282997073549212,42,8,True,/dss/dsshome1/0E/ra63pux2/Documents/thesis/code/tabicl-lfs/checkpoints_mini_tabicl_stage2_sa/step-1000.ckpt,/dss/dsshome1/0E/ra63pux2/Documents/thesis/code/tabicl-lfs/checkpoints_mini_tabicl_stage2_ea/step-1000_ea.ckpt
kc2,outliers,frac,0.1,173,0.7687861271676301,0.7630057803468208,0.6492295214922952,0.657558055327572,0.5178422659998021,0.5737406203448209,0.31559385225792413,0.34741711257098895,0.11663883373227424,0.12361801325241265,42,8,True,/dss/dsshome1/0E/ra63pux2/Documents/thesis/code/tabicl-lfs/checkpoints_mini_tabicl_stage2_sa/step-1000.ckpt,/dss/dsshome1/0E/ra63pux2/Documents/thesis/code/tabicl-lfs/checkpoints_mini_tabicl_stage2_ea/step-1000_ea.ckpt
kc2,rescale,factor,0.5,157,0.7898089171974523,0.7961783439490446,0.469431643625192,0.49800159872102323,0.45678750339327234,0.4544361951036918,0.2899111348833939,0.2881285198613071,0.08881650418992253,0.06430684722912539,42,8,True,/dss/dsshome1/0E/ra63pux2/Documents/thesis/code/tabicl-lfs/checkpoints_mini_tabicl_stage2_sa/step-1000.ckpt,/dss/dsshome1/0E/ra63pux2/Documents/thesis/code/tabicl-lfs/checkpoints_mini_tabicl_stage2_ea/step-1000_ea.ckpt
kc2,rescale,factor,2.0,157,0.7515923566878981,0.7133757961783439,0.6806446565482711,0.6471910112359551,0.5260059670316691,0.5851781922203528,0.34005989082187194,0.3763334775429074,0.07790326350813456,0.10688021342465834,42,8,True,/dss/dsshome1/0E/ra63pux2/Documents/thesis/code/tabicl-lfs/checkpoints_mini_tabicl_stage2_sa/step-1000.ckpt,/dss/dsshome1/0E/ra63pux2/Documents/thesis/code/tabicl-lfs/checkpoints_mini_tabicl_stage2_ea/step-1000_ea.ckpt
jm1,clean,none,0.0,3266,0.8187385180649112,0.8169014084507042,0.5792647526036567,0.5956129780317618,0.4349432327184054,0.4336675075457349,0.2728738461920675,0.2723248207459239,0.024483784768600338,0.026887574519982596,42,8,True,/dss/dsshome1/0E/ra63pux2/Documents/thesis/code/tabicl-lfs/checkpoints_mini_tabicl_stage2_sa/step-1000.ckpt,/dss/dsshome1/0E/ra63pux2/Documents/thesis/code/tabicl-lfs/checkpoints_mini_tabicl_stage2_ea/step-1000_ea.ckpt
jm1,noise,sigma,0.0,3266,0.8187385180649112,0.8169014084507042,0.5792647526036567,0.5956129780317618,0.4349432327184054,0.4336675075457349,0.2728738461920675,0.2723248207459239,0.024483784768600338,0.026887574519982596,42,8,True,/dss/dsshome1/0E/ra63pux2/Documents/thesis/code/tabicl-lfs/checkpoints_mini_tabicl_stage2_sa/step-1000.ckpt,/dss/dsshome1/0E/ra63pux2/Documents/thesis/code/tabicl-lfs/checkpoints_mini_tabicl_stage2_ea/step-1000_ea.ckpt
jm1,noise,sigma,0.25,3266,0.8101653398652786,0.7672994488671158,0.5264421750189197,0.5803160986589242,0.5456453698640163,0.608269231626795,0.3571033805659753,0.4170442155661533,0.17358190876095853,0.1832017262728026,42,8,True,/dss/dsshome1/0E/ra63pux2/Documents/thesis/code/tabicl-lfs/checkpoints_mini_tabicl_stage2_sa/step-1000.ckpt,/dss/dsshome1/0E/ra63pux2/Documents/thesis/code/tabicl-lfs/checkpoints_mini_tabicl_stage2_ea/step-1000_ea.ckpt
jm1,noise,sigma,0.5,3266,0.8129210042865891,0.417636252296387,0.5294160094573062,0.4023696897675951,0.5959914585811691,0.7181445162308789,0.40421374954308387,0.5248848170666549,0.22798218730031825,0.13497934707161555,42,8,True,/dss/dsshome1/0E/ra63pux2/Documents/thesis/code/tabicl-lfs/checkpoints_mini_tabicl_stage2_sa/step-1000.ckpt,/dss/dsshome1/0E/ra63pux2/Documents/thesis/code/tabicl-lfs/checkpoints_mini_tabicl_stage2_ea/step-1000_ea.ckpt
jm1,outliers,frac,0.0,3266,0.8187385180649112,0.8169014084507042,0.5792647526036567,0.5956129780317618,0.4349432327184054,0.4336675075457349,0.2728738461920675,0.2723248207459239,0.024483784768600338,0.026887574519982596,42,8,True,/dss/dsshome1/0E/ra63pux2/Documents/thesis/code/tabicl-lfs/checkpoints_mini_tabicl_stage2_sa/step-1000.ckpt,/dss/dsshome1/0E/ra63pux2/Documents/thesis/code/tabicl-lfs/checkpoints_mini_tabicl_stage2_ea/step-1000_ea.ckpt
jm1,outliers,frac,0.05,3429,0.7941090696996209,0.7868183143773695,0.5739260123875888,0.5867138660966242,0.4486224423741287,0.46385452611052125,0.28507221005338107,0.29966446162141847,0.030184904021610462,0.04539287547461664,42,8,True,/dss/dsshome1/0E/ra63pux2/Documents/thesis/code/tabicl-lfs/checkpoints_mini_tabicl_stage2_sa/step-1000.ckpt,/dss/dsshome1/0E/ra63pux2/Documents/thesis/code/tabicl-lfs/checkpoints_mini_tabicl_stage2_ea/step-1000_ea.ckpt
jm1,outliers,frac,0.1,3593,0.771221820205956,0.7603673810186473,0.5684166072409722,0.5806885437216928,0.46122330431623776,0.4920550631529506,0.2963163454042953,0.32508095211814514,0.039207606719723294,0.06535204668546697,42,8,True,/dss/dsshome1/0E/ra63pux2/Documents/thesis/code/tabicl-lfs/checkpoints_mini_tabicl_stage2_sa/step-1000.ckpt,/dss/dsshome1/0E/ra63pux2/Documents/thesis/code/tabicl-lfs/checkpoints_mini_tabicl_stage2_ea/step-1000_ea.ckpt
jm1,rescale,factor,0.5,3266,0.8077158603796694,0.8098591549295775,0.4575927306962009,0.47737011403263974,0.45580447889838394,0.45584515140695725,0.28884764502013577,0.2879185093805117,0.03033825205792991,0.027944510306453545,42,8,True,/dss/dsshome1/0E/ra63pux2/Documents/thesis/code/tabicl-lfs/checkpoints_mini_tabicl_stage2_sa/step-1000.ckpt,/dss/dsshome1/0E/ra63pux2/Documents/thesis/code/tabicl-lfs/checkpoints_mini_tabicl_stage2_ea/step-1000_ea.ckpt
jm1,rescale,factor,2.0,3266,0.8074096754439681,0.7893447642375995,0.6031926711192177,0.6233979806024672,0.48539992800111986,0.5082982720749248,0.30898859475760737,0.3280525819979817,0.09593299863459653,0.09436494765366356,42,8,True,/dss/dsshome1/0E/ra63pux2/Documents/thesis/code/tabicl-lfs/checkpoints_mini_tabicl_stage2_sa/step-1000.ckpt,/dss/dsshome1/0E/ra63pux2/Documents/thesis/code/tabicl-lfs/checkpoints_mini_tabicl_stage2_ea/step-1000_ea.ckpt
madelon,clean,none,0.0,780,0.6102564102564103,0.6461538461538462,0.6092287409360579,0.645921052631579,0.6596191620943378,0.6341740715800138,0.4671696310236175,0.44349617669186847,0.050014930428602784,0.05527420823390665,42,8,True,/dss/dsshome1/0E/ra63pux2/Documents/thesis/code/tabicl-lfs/checkpoints_mini_tabicl_stage2_sa/step-1000.ckpt,/dss/dsshome1/0E/ra63pux2/Documents/thesis/code/tabicl-lfs/checkpoints_mini_tabicl_stage2_ea/step-1000_ea.ckpt
madelon,noise,sigma,0.0,780,0.6102564102564103,0.6461538461538462,0.6092287409360579,0.645921052631579,0.6596191620943378,0.6341740715800138,0.4671696310236175,0.44349617669186847,0.050014930428602784,0.05527420823390665,42,8,True,/dss/dsshome1/0E/ra63pux2/Documents/thesis/code/tabicl-lfs/checkpoints_mini_tabicl_stage2_sa/step-1000.ckpt,/dss/dsshome1/0E/ra63pux2/Documents/thesis/code/tabicl-lfs/checkpoints_mini_tabicl_stage2_ea/step-1000_ea.ckpt
madelon,noise,sigma,0.25,780,0.6038461538461538,0.6512820512820513,0.6009014573339448,0.6504524215923395,0.661719156711788,0.6377634233378495,0.4692701486873357,0.44682145306251225,0.03872951972178921,0.060910568252587935,42,8,True,/dss/dsshome1/0E/ra63pux2/Documents/thesis/code/tabicl-lfs/checkpoints_mini_tabicl_stage2_sa/step-1000.ckpt,/dss/dsshome1/0E/ra63pux2/Documents/thesis/code/tabicl-lfs/checkpoints_mini_tabicl_stage2_ea/step-1000_ea.ckpt
madelon,noise,sigma,0.5,780,0.5807692307692308,0.6153846153846154,0.5693525430081837,0.61207925519217,0.6722241987851718,0.65140296336734,0.4795381344105562,0.45991580413927285,0.0212170626108463,0.039819974929858476,42,8,True,/dss/dsshome1/0E/ra63pux2/Documents/thesis/code/tabicl-lfs/checkpoints_mini_tabicl_stage2_sa/step-1000.ckpt,/dss/dsshome1/0E/ra63pux2/Documents/thesis/code/tabicl-lfs/checkpoints_mini_tabicl_stage2_ea/step-1000_ea.ckpt
madelon,outliers,frac,0.0,780,0.6102564102564103,0.6461538461538462,0.6092287409360579,0.645921052631579,0.6596191620943378,0.6341740715800138,0.4671696310236175,0.44349617669186847,0.050014930428602784,0.05527420823390665,42,8,True,/dss/dsshome1/0E/ra63pux2/Documents/thesis/code/tabicl-lfs/checkpoints_mini_tabicl_stage2_sa/step-1000.ckpt,/dss/dsshome1/0E/ra63pux2/Documents/thesis/code/tabicl-lfs/checkpoints_mini_tabicl_stage2_ea/step-1000_ea.ckpt
madelon,outliers,frac,0.05,819,0.6043956043956044,0.6373626373626373,0.6026034241077312,0.6365802751162752,0.6609649702799084,0.6379811568861947,0.4684825664193517,0.4471764881744323,0.05008813087465708,0.04788833587306468,42,8,True,/dss/dsshome1/0E/ra63pux2/Documents/thesis/code/tabicl-lfs/checkpoints_mini_tabicl_stage2_sa/step-1000.ckpt,/dss/dsshome1/0E/ra63pux2/Documents/thesis/code/tabicl-lfs/checkpoints_mini_tabicl_stage2_ea/step-1000_ea.ckpt
madelon,outliers,frac,0.1,858,0.6025641025641025,0.6351981351981352,0.5993371996685999,0.6333448473123506,0.6626246527262177,0.6388443011871302,0.4701117905752538,0.4479461038477028,0.0444554759489073,0.050127095275825574,42,8,True,/dss/dsshome1/0E/ra63pux2/Documents/thesis/code/tabicl-lfs/checkpoints_mini_tabicl_stage2_sa/step-1000.ckpt,/dss/dsshome1/0E/ra63pux2/Documents/thesis/code/tabicl-lfs/checkpoints_mini_tabicl_stage2_ea/step-1000_ea.ckpt
madelon,rescale,factor,0.5,780,0.5,0.5,0.3333333333333333,0.3333333333333333,0.6931638725513847,0.6987177330969248,0.500016700130031,0.5055396434579182,0.0072245001792907715,0.052725255489349365,42,8,True,/dss/dsshome1/0E/ra63pux2/Documents/thesis/code/tabicl-lfs/checkpoints_mini_tabicl_stage2_sa/step-1000.ckpt,/dss/dsshome1/0E/ra63pux2/Documents/thesis/code/tabicl-lfs/checkpoints_mini_tabicl_stage2_ea/step-1000_ea.ckpt
madelon,rescale,factor,2.0,780,0.5,0.5,0.3333333333333333,0.3333333333333333,0.6932780538562872,0.7002906692854866,0.5001308876527675,0.50709271099787,0.011790990829467773,0.059760093688964844,42,8,True,/dss/dsshome1/0E/ra63pux2/Documents/thesis/code/tabicl-lfs/checkpoints_mini_tabicl_stage2_sa/step-1000.ckpt,/dss/dsshome1/0E/ra63pux2/Documents/thesis/code/tabicl-lfs/checkpoints_mini_tabicl_stage2_ea/step-1000_ea.ckpt
pc1,clean,none,0.0,333,0.93993993993994,0.9369369369369369,0.6271831616659203,0.5946791862284819,0.16165841311056028,0.16234237232024154,0.0913912978851482,0.0925042739192123,0.01367283798194864,0.01141631102060771,42,8,True,/dss/dsshome1/0E/ra63pux2/Documents/thesis/code/tabicl-lfs/checkpoints_mini_tabicl_stage2_sa/step-1000.ckpt,/dss/dsshome1/0E/ra63pux2/Documents/thesis/code/tabicl-lfs/checkpoints_mini_tabicl_stage2_ea/step-1000_ea.ckpt
pc1,noise,sigma,0.0,333,0.93993993993994,0.9369369369369369,0.6271831616659203,0.5946791862284819,0.16165841311056028,0.16234237232024154,0.0913912978851482,0.0925042739192123,0.01367283798194864,0.01141631102060771,42,8,True,/dss/dsshome1/0E/ra63pux2/Documents/thesis/code/tabicl-lfs/checkpoints_mini_tabicl_stage2_sa/step-1000.ckpt,/dss/dsshome1/0E/ra63pux2/Documents/thesis/code/tabicl-lfs/checkpoints_mini_tabicl_stage2_ea/step-1000_ea.ckpt
pc1,noise,sigma,0.25,333,0.933933933933934,0.933933933933934,0.5245327102803738,0.559735576923077,0.2537267494097228,0.2830682754805294,0.12715616729875545,0.14512091728374388,0.08551337160505693,0.11284945605395434,42,8,True,/dss/dsshome1/0E/ra63pux2/Documents/thesis/code/tabicl-lfs/checkpoints_mini_tabicl_stage2_sa/step-1000.ckpt,/dss/dsshome1/0E/ra63pux2/Documents/thesis/code/tabicl-lfs/checkpoints_mini_tabicl_stage2_ea/step-1000_ea.ckpt
pc1,noise,sigma,0.5,333,0.933933933933934,0.9279279279279279,0.5245327102803738,0.5526197939991043,0.291226975600755,0.3582651186838591,0.1462888557838149,0.19603539327469854,0.12154183588228429,0.1739838323793612,42,8,True,/dss/dsshome1/0E/ra63pux2/Documents/thesis/code/tabicl-lfs/checkpoints_mini_tabicl_stage2_sa/step-1000.ckpt,/dss/dsshome1/0E/ra63pux2/Documents/thesis/code/tabicl-lfs/checkpoints_mini_tabicl_stage2_ea/step-1000_ea.ckpt
pc1,outliers,frac,0.0,333,0.93993993993994,0.9369369369369369,0.6271831616659203,0.5946791862284819,0.16165841311056028,0.16234237232024154,0.0913912978851482,0.0925042739192123,0.01367283798194864,0.01141631102060771,42,8,True,/dss/dsshome1/0E/ra63pux2/Documents/thesis/code/tabicl-lfs/checkpoints_mini_tabicl_stage2_sa/step-1000.ckpt,/dss/dsshome1/0E/ra63pux2/Documents/thesis/code/tabicl-lfs/checkpoints_mini_tabicl_stage2_ea/step-1000_ea.ckpt
pc1,outliers,frac,0.05,350,0.9428571428571428,0.92,0.6279761904761905,0.567214273096626,0.17127533684328616,0.18592100139766168,0.09590199726070316,0.11012254518835635,0.024486904144287124,0.015506870576313569,42,8,True,/dss/dsshome1/0E/ra63pux2/Documents/thesis/code/tabicl-lfs/checkpoints_mini_tabicl_stage2_sa/step-1000.ckpt,/dss/dsshome1/0E/ra63pux2/Documents/thesis/code/tabicl-lfs/checkpoints_mini_tabicl_stage2_ea/step-1000_ea.ckpt
pc1,outliers,frac,0.1,366,0.9344262295081968,0.8961748633879781,0.6078571428571429,0.5405655391120507,0.1909056803496064,0.21063430144075218,0.11034218715769913,0.12962675820864836,0.025230053506913753,0.018215641460783503,42,8,True,/dss/dsshome1/0E/ra63pux2/Documents/thesis/code/tabicl-lfs/checkpoints_mini_tabicl_stage2_sa/step-1000.ckpt,/dss/dsshome1/0E/ra63pux2/Documents/thesis/code/tabicl-lfs/checkpoints_mini_tabicl_stage2_ea/step-1000_ea.ckpt
pc1,rescale,factor,0.5,333,0.9309309309309309,0.933933933933934,0.4821150855365474,0.5245327102803738,0.24141269574867522,0.2323151676085851,0.12384519626371705,0.12237141085210519,0.04679964254568286,0.04415056816450472,42,8,True,/dss/dsshome1/0E/ra63pux2/Documents/thesis/code/tabicl-lfs/checkpoints_mini_tabicl_stage2_sa/step-1000.ckpt,/dss/dsshome1/0E/ra63pux2/Documents/thesis/code/tabicl-lfs/checkpoints_mini_tabicl_stage2_ea/step-1000_ea.ckpt
pc1,rescale,factor,2.0,333,0.9369369369369369,0.9159159159159159,0.644754889509779,0.6276357827476038,0.22568379730762986,0.26270263704517366,0.12019048044079333,0.13976441943737736,0.06142597316621661,0.09726771041079683,42,8,True,/dss/dsshome1/0E/ra63pux2/Documents/thesis/code/tabicl-lfs/checkpoints_mini_tabicl_stage2_sa/step-1000.ckpt,/dss/dsshome1/0E/ra63pux2/Documents/thesis/code/tabicl-lfs/checkpoints_mini_tabicl_stage2_ea/step-1000_ea.ckpt
cmc,clean,none,0.0,442,0.5656108597285068,0.5656108597285068,0.5265157583098646,0.5278966984882834,0.8821369140444959,0.8836340786511883,0.5247224785359643,0.525464978639203,0.052481208316880655,0.0361926852982508,42,8,True,/dss/dsshome1/0E/ra63pux2/Documents/thesis/code/tabicl-lfs/checkpoints_mini_tabicl_stage2_sa/step-1000.ckpt,/dss/dsshome1/0E/ra63pux2/Documents/thesis/code/tabicl-lfs/checkpoints_mini_tabicl_stage2_ea/step-1000_ea.ckpt
cmc,noise,sigma,0.0,442,0.5656108597285068,0.5656108597285068,0.5265157583098646,0.5278966984882834,0.8821369140444959,0.8836340786511883,0.5247224785359643,0.525464978639203,0.052481208316880655,0.0361926852982508,42,8,True,/dss/dsshome1/0E/ra63pux2/Documents/thesis/code/tabicl-lfs/checkpoints_mini_tabicl_stage2_sa/step-1000.ckpt,/dss/dsshome1/0E/ra63pux2/Documents/thesis/code/tabicl-lfs/checkpoints_mini_tabicl_stage2_ea/step-1000_ea.ckpt
cmc,noise,sigma,0.25,442,0.5361990950226244,0.5475113122171946,0.4862781054648115,0.5058959676048284,1.0121463355668565,1.0036138100784044,0.5729607058462868,0.5728478958066441,0.09247669139329125,0.07892860681223116,42,8,True,/dss/dsshome1/0E/ra63pux2/Documents/thesis/code/tabicl-lfs/checkpoints_mini_tabicl_stage2_sa/step-1000.ckpt,/dss/dsshome1/0E/ra63pux2/Documents/thesis/code/tabicl-lfs/checkpoints_mini_tabicl_stage2_ea/step-1000_ea.ckpt
cmc,noise,sigma,0.5,442,0.5294117647058824,0.5135746606334841,0.4642868891044074,0.4525314336635091,1.0764118823854716,1.0694977553051677,0.604064813486786,0.6063029467286462,0.08446229158213775,0.11091467353822959,42,8,True,/dss/dsshome1/0E/ra63pux2/Documents/thesis/code/tabicl-lfs/checkpoints_mini_tabicl_stage2_sa/step-1000.ckpt,/dss/dsshome1/0E/ra63pux2/Documents/thesis/code/tabicl-lfs/checkpoints_mini_tabicl_stage2_ea/step-1000_ea.ckpt
cmc,outliers,frac,0.0,442,0.5656108597285068,0.5656108597285068,0.5265157583098646,0.5278966984882834,0.8821369140444959,0.8836340786511883,0.5247224785359643,0.525464978639203,0.052481208316880655,0.0361926852982508,42,8,True,/dss/dsshome1/0E/ra63pux2/Documents/thesis/code/tabicl-lfs/checkpoints_mini_tabicl_stage2_sa/step-1000.ckpt,/dss/dsshome1/0E/ra63pux2/Documents/thesis/code/tabicl-lfs/checkpoints_mini_tabicl_stage2_ea/step-1000_ea.ckpt
cmc,outliers,frac,0.05,464,0.5625,0.5603448275862069,0.5203111272850248,0.5199772968290243,0.8924030631930947,0.894291543948709,0.5307336080427979,0.5315547318302174,0.04855592702997143,0.04221262654353832,42,8,True,/dss/dsshome1/0E/ra63pux2/Documents/thesis/code/tabicl-lfs/checkpoints_mini_tabicl_stage2_sa/step-1000.ckpt,/dss/dsshome1/0E/ra63pux2/Documents/thesis/code/tabicl-lfs/checkpoints_mini_tabicl_stage2_ea/step-1000_ea.ckpt
cmc,outliers,frac,0.1,486,0.5411522633744856,0.5390946502057613,0.4992035257185427,0.4989804929993602,0.970732856962459,0.9741475691157131,0.5663566207809776,0.5678506276321424,0.0702902469247457,0.07254803088712103,42,8,True,/dss/dsshome1/0E/ra63pux2/Documents/thesis/code/tabicl-lfs/checkpoints_mini_tabicl_stage2_sa/step-1000.ckpt,/dss/dsshome1/0E/ra63pux2/Documents/thesis/code/tabicl-lfs/checkpoints_mini_tabicl_stage2_ea/step-1000_ea.ckpt
cmc,rescale,factor,0.5,442,0.42081447963800905,0.42081447963800905,0.2059795436664044,0.2717862301396245,1.0640199958703644,1.0616582907423129,0.645719713261451,0.6412498630460357,0.05419072306533741,0.10800778629822969,42,8,True,/dss/dsshome1/0E/ra63pux2/Documents/thesis/code/tabicl-lfs/checkpoints_mini_tabicl_stage2_sa/step-1000.ckpt,/dss/dsshome1/0E/ra63pux2/Documents/thesis/code/tabicl-lfs/checkpoints_mini_tabicl_stage2_ea/step-1000_ea.ckpt
cmc,rescale,factor,2.0,442,0.4343891402714932,0.45475113122171945,0.2750235248094226,0.30610795454545453,1.0263294276214394,1.0416963352496726,0.6145530397885176,0.6228874652115748,0.1255930479430505,0.10822575050511514,42,8,True,/dss/dsshome1/0E/ra63pux2/Documents/thesis/code/tabicl-lfs/checkpoints_mini_tabicl_stage2_sa/step-1000.ckpt,/dss/dsshome1/0E/ra63pux2/Documents/thesis/code/tabicl-lfs/checkpoints_mini_tabicl_stage2_ea/step-1000_ea.ckpt
tae,clean,none,0.0,46,0.5869565217391305,0.5652173913043478,0.5864618094178717,0.5654761904761905,1.3708773674779746,1.6006473852823826,0.598832553443401,0.658947778453618,0.2873137554396754,0.299600908289785,42,8,True,/dss/dsshome1/0E/ra63pux2/Documents/thesis/code/tabicl-lfs/checkpoints_mini_tabicl_stage2_sa/step-1000.ckpt,/dss/dsshome1/0E/ra63pux2/Documents/thesis/code/tabicl-lfs/checkpoints_mini_tabicl_stage2_ea/step-1000_ea.ckpt
tae,noise,sigma,0.0,46,0.5869565217391305,0.5652173913043478,0.5864618094178717,0.5654761904761905,1.3708773674779746,1.6006473852823826,0.598832553443401,0.658947778453618,0.2873137554396754,0.299600908289785,42,8,True,/dss/dsshome1/0E/ra63pux2/Documents/thesis/code/tabicl-lfs/checkpoints_mini_tabicl_stage2_sa/step-1000.ckpt,/dss/dsshome1/0E/ra63pux2/Documents/thesis/code/tabicl-lfs/checkpoints_mini_tabicl_stage2_ea/step-1000_ea.ckpt
tae,noise,sigma,0.25,46,0.4782608695652174,0.45652173913043476,0.48328664799253035,0.4594771241830065,1.219669068639908,1.3231482849271492,0.7131247683985869,0.7338192485369273,0.23862512992775956,0.282431159330451,42,8,True,/dss/dsshome1/0E/ra63pux2/Documents/thesis/code/tabicl-lfs/checkpoints_mini_tabicl_stage2_sa/step-1000.ckpt,/dss/dsshome1/0E/ra63pux2/Documents/thesis/code/tabicl-lfs/checkpoints_mini_tabicl_stage2_ea/step-1000_ea.ckpt
tae,noise,sigma,0.5,46,0.4782608695652174,0.43478260869565216,0.47885304659498207,0.4343020022246941,1.2727925354589658,1.5129984325487469,0.743907670684963,0.8325351882851117,0.3239087255104729,0.3473112123168033,42,8,True,/dss/dsshome1/0E/ra63pux2/Documents/thesis/code/tabicl-lfs/checkpoints_mini_tabicl_stage2_sa/step-1000.ckpt,/dss/dsshome1/0E/ra63pux2/Documents/thesis/code/tabicl-lfs/checkpoints_mini_tabicl_stage2_ea/step-1000_ea.ckpt
tae,outliers,frac,0.0,46,0.5869565217391305,0.5652173913043478,0.5864618094178717,0.5654761904761905,1.3708773674779746,1.6006473852823826,0.598832553443401,0.658947778453618,0.2873137554396754,0.299600908289785,42,8,True,/dss/dsshome1/0E/ra63pux2/Documents/thesis/code/tabicl-lfs/checkpoints_mini_tabicl_stage2_sa/step-1000.ckpt,/dss/dsshome1/0E/ra63pux2/Documents/thesis/code/tabicl-lfs/checkpoints_mini_tabicl_stage2_ea/step-1000_ea.ckpt
tae,outliers,frac,0.05,48,0.5833333333333334,0.5416666666666666,0.5827175697865353,0.5421968160304874,1.3639869206114756,1.6173143410155486,0.6042682352033459,0.6799645724354498,0.28046062899132573,0.31181716422239936,42,8,True,/dss/dsshome1/0E/ra63pux2/Documents/thesis/code/tabicl-lfs/checkpoints_mini_tabicl_stage2_sa/step-1000.ckpt,/dss/dsshome1/0E/ra63pux2/Documents/thesis/code/tabicl-lfs/checkpoints_mini_tabicl_stage2_ea/step-1000_ea.ckpt
tae,outliers,frac,0.1,51,0.5686274509803921,0.5686274509803921,0.5674817674817675,0.5683490250553068,1.3292178924240552,1.523001565456434,0.5971002039266109,0.6451565327995422,0.25657872242086077,0.2751462816023359,42,8,True,/dss/dsshome1/0E/ra63pux2/Documents/thesis/code/tabicl-lfs/checkpoints_mini_tabicl_stage2_sa/step-1000.ckpt,/dss/dsshome1/0E/ra63pux2/Documents/thesis/code/tabicl-lfs/checkpoints_mini_tabicl_stage2_ea/step-1000_ea.ckpt
tae,rescale,factor,0.5,46,0.391304347826087,0.391304347826087,0.31319038336582194,0.313946482367535,1.67551155051761,2.2341107644842895,0.9077479214900421,1.0621594305508177,0.3859602970921475,0.5019665749176689,42,8,True,/dss/dsshome1/0E/ra63pux2/Documents/thesis/code/tabicl-lfs/checkpoints_mini_tabicl_stage2_sa/step-1000.ckpt,/dss/dsshome1/0E/ra63pux2/Documents/thesis/code/tabicl-lfs/checkpoints_mini_tabicl_stage2_ea/step-1000_ea.ckpt
tae,rescale,factor,2.0,46,0.391304347826087,0.391304347826087,0.3107497741644083,0.33366188769414573,1.2463366275885734,1.3449681154977033,0.7331880913435177,0.7708190555085217,0.20300543567408688,0.26700685205666913,42,8,True,/dss/dsshome1/0E/ra63pux2/Documents/thesis/code/tabicl-lfs/checkpoints_mini_tabicl_stage2_sa/step-1000.ckpt,/dss/dsshome1/0E/ra63pux2/Documents/thesis/code/tabicl-lfs/checkpoints_mini_tabicl_stage2_ea/step-1000_ea.ckpt
pm10,clean,none,0.0,150,0.6266666666666667,0.6333333333333333,0.62640099626401,0.633317036312725,0.6368972103647034,0.711670506492988,0.44736782528850144,0.4884520756202781,0.06921287337938947,0.14291192571322123,42,8,True,/dss/dsshome1/0E/ra63pux2/Documents/thesis/code/tabicl-lfs/checkpoints_mini_tabicl_stage2_sa/step-1000.ckpt,/dss/dsshome1/0E/ra63pux2/Documents/thesis/code/tabicl-lfs/checkpoints_mini_tabicl_stage2_ea/step-1000_ea.ckpt
pm10,noise,sigma,0.0,150,0.6266666666666667,0.6333333333333333,0.62640099626401,0.633317036312725,0.6368972103647034,0.711670506492988,0.44736782528850144,0.4884520756202781,0.06921287337938947,0.14291192571322123,42,8,True,/dss/dsshome1/0E/ra63pux2/Documents/thesis/code/tabicl-lfs/checkpoints_mini_tabicl_stage2_sa/step-1000.ckpt,/dss/dsshome1/0E/ra63pux2/Documents/thesis/code/tabicl-lfs/checkpoints_mini_tabicl_stage2_ea/step-1000_ea.ckpt
pm10,noise,sigma,0.25,150,0.6266666666666667,0.64,0.6266002844950214,0.64,0.6485895851796136,0.6842580737953069,0.45668639814641826,0.47043549054291606,0.07481021960576378,0.11632659475008648,42,8,True,/dss/dsshome1/0E/ra63pux2/Documents/thesis/code/tabicl-lfs/checkpoints_mini_tabicl_stage2_sa/step-1000.ckpt,/dss/dsshome1/0E/ra63pux2/Documents/thesis/code/tabicl-lfs/checkpoints_mini_tabicl_stage2_ea/step-1000_ea.ckpt
pm10,noise,sigma,0.5,150,0.56,0.5066666666666667,0.5463709677419355,0.5058760683760684,0.712781960960289,0.8191154221595837,0.5155599000135427,0.5851273836371226,0.0932872672875722,0.20054003834724426,42,8,True,/dss/dsshome1/0E/ra63pux2/Documents/thesis/code/tabicl-lfs/checkpoints_mini_tabicl_stage2_sa/step-1000.ckpt,/dss/dsshome1/0E/ra63pux2/Documents/thesis/code/tabicl-lfs/checkpoints_mini_tabicl_stage2_ea/step-1000_ea.ckpt
pm10,outliers,frac,0.0,150,0.6266666666666667,0.6333333333333333,0.62640099626401,0.633317036312725,0.6368972103647034,0.711670506492988,0.44736782528850144,0.4884520756202781,0.06921287337938947,0.14291192571322123,42,8,True,/dss/dsshome1/0E/ra63pux2/Documents/thesis/code/tabicl-lfs/checkpoints_mini_tabicl_stage2_sa/step-1000.ckpt,/dss/dsshome1/0E/ra63pux2/Documents/thesis/code/tabicl-lfs/checkpoints_mini_tabicl_stage2_ea/step-1000_ea.ckpt
pm10,outliers,frac,0.05,158,0.6139240506329114,0.620253164556962,0.613784812662793,0.620253164556962,0.6459710407752915,0.719463770648778,0.4560628099146871,0.49717469058306996,0.07722612536406216,0.15086879534057424,42,8,True,/dss/dsshome1/0E/ra63pux2/Documents/thesis/code/tabicl-lfs/checkpoints_mini_tabicl_stage2_sa/step-1000.ckpt,/dss/dsshome1/0E/ra63pux2/Documents/thesis/code/tabicl-lfs/checkpoints_mini_tabicl_stage2_ea/step-1000_ea.ckpt
pm10,outliers,frac,0.1,165,0.6060606060606061,0.6060606060606061,0.6060027184894016,0.6058289536550406,0.6500405698025785,0.7159427843245778,0.4599654397800551,0.4953683667216573,0.07693705558776855,0.1538065827254093,42,8,True,/dss/dsshome1/0E/ra63pux2/Documents/thesis/code/tabicl-lfs/checkpoints_mini_tabicl_stage2_sa/step-1000.ckpt,/dss/dsshome1/0E/ra63pux2/Documents/thesis/code/tabicl-lfs/checkpoints_mini_tabicl_stage2_ea/step-1000_ea.ckpt
pm10,rescale,factor,0.5,150,0.5533333333333333,0.5066666666666667,0.5359896578789418,0.358974358974359,0.6825816479572098,0.7409396392923725,0.4894390699153911,0.5412198703863023,0.0650625189145406,0.16376039266586306,42,8,True,/dss/dsshome1/0E/ra63pux2/Documents/thesis/code/tabicl-lfs/checkpoints_mini_tabicl_stage2_sa/step-1000.ckpt,/dss/dsshome1/0E/ra63pux2/Documents/thesis/code/tabicl-lfs/checkpoints_mini_tabicl_stage2_ea/step-1000_ea.ckpt
pm10,rescale,factor,2.0,150,0.5,0.49333333333333335,0.34482557800943453,0.4585866261398176,0.7179341420027411,0.6966425984248912,0.5241917456118464,0.5036336630242632,0.1223240053653717,0.08639826337496438,42,8,True,/dss/dsshome1/0E/ra63pux2/Documents/thesis/code/tabicl-lfs/checkpoints_mini_tabicl_stage2_sa/step-1000.ckpt,/dss/dsshome1/0E/ra63pux2/Documents/thesis/code/tabicl-lfs/checkpoints_mini_tabicl_stage2_ea/step-1000_ea.ckpt
chscase_census5,clean,none,0.0,120,0.5,0.48333333333333334,0.49650349650349646,0.48203842940685043,0.7338705516113262,0.9439825448994263,0.5377691079468695,0.6593302456860691,0.10905333956082665,0.25352501024802526,42,8,True,/dss/dsshome1/0E/ra63pux2/Documents/thesis/code/tabicl-lfs/checkpoints_mini_tabicl_stage2_sa/step-1000.ckpt,/dss/dsshome1/0E/ra63pux2/Documents/thesis/code/tabicl-lfs/checkpoints_mini_tabicl_stage2_ea/step-1000_ea.ckpt
chscase_census5,noise,sigma,0.0,120,0.5,0.48333333333333334,0.49650349650349646,0.48203842940685043,0.7338705516113262,0.9439825448994263,0.5377691079468695,0.6593302456860691,0.10905333956082665,0.25352501024802526,42,8,True,/dss/dsshome1/0E/ra63pux2/Documents/thesis/code/tabicl-lfs/checkpoints_mini_tabicl_stage2_sa/step-1000.ckpt,/dss/dsshome1/0E/ra63pux2/Documents/thesis/code/tabicl-lfs/checkpoints_mini_tabicl_stage2_ea/step-1000_ea.ckpt
chscase_census5,noise,sigma,0.25,120,0.425,0.4666666666666667,0.42464040025015637,0.46651847735482077,0.7335073245302042,0.9435861087569923,0.5379784569012276,0.6629308742459032,0.17760072797536852,0.2607117474079132,42,8,True,/dss/dsshome1/0E/ra63pux2/Documents/thesis/code/tabicl-lfs/checkpoints_mini_tabicl_stage2_sa/step-1000.ckpt,/dss/dsshome1/0E/ra63pux2/Documents/thesis/code/tabicl-lfs/checkpoints_mini_tabicl_stage2_ea/step-1000_ea.ckpt
chscase_census5,noise,sigma,0.5,120,0.49166666666666664,0.48333333333333334,0.4916313632891173,0.48203842940685043,0.7342880918335806,0.910369657701901,0.5385419027235907,0.6556621989556886,0.11071972648302715,0.24431596795717875,42,8,True,/dss/dsshome1/0E/ra63pux2/Documents/thesis/code/tabicl-lfs/checkpoints_mini_tabicl_stage2_sa/step-1000.ckpt,/dss/dsshome1/0E/ra63pux2/Documents/thesis/code/tabicl-lfs/checkpoints_mini_tabicl_stage2_ea/step-1000_ea.ckpt
chscase_census5,outliers,frac,0.0,120,0.5,0.48333333333333334,0.49650349650349646,0.48203842940685043,0.7338705516113262,0.9439825448994263,0.5377691079468695,0.6593302456860691,0.10905333956082665,0.25352501024802526,42,8,True,/dss/dsshome1/0E/ra63pux2/Documents/thesis/code/tabicl-lfs/checkpoints_mini_tabicl_stage2_sa/step-1000.ckpt,/dss/dsshome1/0E/ra63pux2/Documents/thesis/code/tabicl-lfs/checkpoints_mini_tabicl_stage2_ea/step-1000_ea.ckpt
chscase_census5,outliers,frac,0.05,126,0.5,0.48412698412698413,0.49743589743589745,0.48252985404688187,0.7327666635095009,0.9297443900922673,0.536764941252918,0.649532476597907,0.10474670737508746,0.24535729393126474,42,8,True,/dss/dsshome1/0E/ra63pux2/Documents/thesis/code/tabicl-lfs/checkpoints_mini_tabicl_stage2_sa/step-1000.ckpt,/dss/dsshome1/0E/ra63pux2/Documents/thesis/code/tabicl-lfs/checkpoints_mini_tabicl_stage2_ea/step-1000_ea.ckpt
chscase_census5,outliers,frac,0.1,132,0.49242424242424243,0.4772727272727273,0.4909928057553957,0.4765216391746652,0.7351616334012031,0.9287254781768788,0.539048257992947,0.649629489229384,0.10552227000395456,0.2496446655555205,42,8,True,/dss/dsshome1/0E/ra63pux2/Documents/thesis/code/tabicl-lfs/checkpoints_mini_tabicl_stage2_sa/step-1000.ckpt,/dss/dsshome1/0E/ra63pux2/Documents/thesis/code/tabicl-lfs/checkpoints_mini_tabicl_stage2_ea/step-1000_ea.ckpt
chscase_census5,rescale,factor,0.5,120,0.48333333333333334,0.5166666666666667,0.3258426966292135,0.34065934065934067,0.6973950609721323,0.6965077296643496,0.5042405005282159,0.5033257165362711,0.04902090231577555,0.04418401320775345,42,8,True,/dss/dsshome1/0E/ra63pux2/Documents/thesis/code/tabicl-lfs/checkpoints_mini_tabicl_stage2_sa/step-1000.ckpt,/dss/dsshome1/0E/ra63pux2/Documents/thesis/code/tabicl-lfs/checkpoints_mini_tabicl_stage2_ea/step-1000_ea.ckpt
chscase_census5,rescale,factor,2.0,120,0.5166666666666667,0.5166666666666667,0.34065934065934067,0.34065934065934067,0.6927117766154434,0.7616498235485479,0.4995644915757082,0.5628234441049661,0.006007059415181426,0.17785636981328323,42,8,True,/dss/dsshome1/0E/ra63pux2/Documents/thesis/code/tabicl-lfs/checkpoints_mini_tabicl_stage2_sa/step-1000.ckpt,/dss/dsshome1/0E/ra63pux2/Documents/thesis/code/tabicl-lfs/checkpoints_mini_tabicl_stage2_ea/step-1000_ea.ckpt
mushroom,clean,none,0.0,2438,1.0,1.0,1.0,1.0,1.722599956564621e-05,3.6926803376138867e-05,5.9243779927330086e-08,2.659870546763663e-07,1.710653305053711e-05,3.6835670471191406e-05,42,8,True,/dss/dsshome1/0E/ra63pux2/Documents/thesis/code/tabicl-lfs/checkpoints_mini_tabicl_stage2_sa/step-1000.ckpt,/dss/dsshome1/0E/ra63pux2/Documents/thesis/code/tabicl-lfs/checkpoints_mini_tabicl_stage2_ea/step-1000_ea.ckpt
mushroom,noise,sigma,0.0,2438,1.0,1.0,1.0,1.0,1.722599956564621e-05,3.6926803376138867e-05,5.9243779927330086e-08,2.659870546763663e-07,1.710653305053711e-05,3.6835670471191406e-05,42,8,True,/dss/dsshome1/0E/ra63pux2/Documents/thesis/code/tabicl-lfs/checkpoints_mini_tabicl_stage2_sa/step-1000.ckpt,/dss/dsshome1/0E/ra63pux2/Documents/thesis/code/tabicl-lfs/checkpoints_mini_tabicl_stage2_ea/step-1000_ea.ckpt
mushroom,noise,sigma,0.25,2438,1.0,1.0,1.0,1.0,1.722599956564621e-05,3.6926803376138867e-05,5.9243779927330086e-08,2.659870546763663e-07,1.710653305053711e-05,3.6835670471191406e-05,42,8,True,/dss/dsshome1/0E/ra63pux2/Documents/thesis/code/tabicl-lfs/checkpoints_mini_tabicl_stage2_sa/step-1000.ckpt,/dss/dsshome1/0E/ra63pux2/Documents/thesis/code/tabicl-lfs/checkpoints_mini_tabicl_stage2_ea/step-1000_ea.ckpt
mushroom,noise,sigma,0.5,2438,1.0,1.0,1.0,1.0,1.722599956564621e-05,3.6926803376138867e-05,5.9243779927330086e-08,2.659870546763663e-07,1.710653305053711e-05,3.6835670471191406e-05,42,8,True,/dss/dsshome1/0E/ra63pux2/Documents/thesis/code/tabicl-lfs/checkpoints_mini_tabicl_stage2_sa/step-1000.ckpt,/dss/dsshome1/0E/ra63pux2/Documents/thesis/code/tabicl-lfs/checkpoints_mini_tabicl_stage2_ea/step-1000_ea.ckpt
mushroom,outliers,frac,0.0,2438,1.0,1.0,1.0,1.0,1.722599956564621e-05,3.6926803376138867e-05,5.9243779927330086e-08,2.659870546763663e-07,1.710653305053711e-05,3.6835670471191406e-05,42,8,True,/dss/dsshome1/0E/ra63pux2/Documents/thesis/code/tabicl-lfs/checkpoints_mini_tabicl_stage2_sa/step-1000.ckpt,/dss/dsshome1/0E/ra63pux2/Documents/thesis/code/tabicl-lfs/checkpoints_mini_tabicl_stage2_ea/step-1000_ea.ckpt
mushroom,outliers,frac,0.05,2560,0.97578125,0.9734375,0.9757661038148843,0.9734088703902395,0.04436756672385243,0.049681311278984536,0.0320633251372176,0.034124828321760683,0.012574579706415531,0.014251426025293758,42,8,True,/dss/dsshome1/0E/ra63pux2/Documents/thesis/code/tabicl-lfs/checkpoints_mini_tabicl_stage2_sa/step-1000.ckpt,/dss/dsshome1/0E/ra63pux2/Documents/thesis/code/tabicl-lfs/checkpoints_mini_tabicl_stage2_ea/step-1000_ea.ckpt
mushroom,outliers,frac,0.1,2682,0.9522744220730798,0.9563758389261745,0.95226271525831,0.9563233221634149,0.08314942906160903,0.08214563103719415,0.06005200417105662,0.05799486436352854,0.022869459401307746,0.022422238573220864,42,8,True,/dss/dsshome1/0E/ra63pux2/Documents/thesis/code/tabicl-lfs/checkpoints_mini_tabicl_stage2_sa/step-1000.ckpt,/dss/dsshome1/0E/ra63pux2/Documents/thesis/code/tabicl-lfs/checkpoints_mini_tabicl_stage2_ea/step-1000_ea.ckpt
climate-model-simulation-crashes,clean,none,0.0,162,0.9259259259259259,0.9382716049382716,0.6055194805194806,0.7058823529411764,0.24067586353600898,0.2320221992615207,0.12412414588522613,0.10773172684595511,0.05932288110992053,0.04774793724954867,42,8,True,/dss/dsshome1/0E/ra63pux2/Documents/thesis/code/tabicl-lfs/checkpoints_mini_tabicl_stage2_sa/step-1000.ckpt,/dss/dsshome1/0E/ra63pux2/Documents/thesis/code/tabicl-lfs/checkpoints_mini_tabicl_stage2_ea/step-1000_ea.ckpt
climate-model-simulation-crashes,noise,sigma,0.0,162,0.9259259259259259,0.9382716049382716,0.6055194805194806,0.7058823529411764,0.24067586353600898,0.2320221992615207,0.12412414588522613,0.10773172684595511,0.05932288110992053,0.04774793724954867,42,8,True,/dss/dsshome1/0E/ra63pux2/Documents/thesis/code/tabicl-lfs/checkpoints_mini_tabicl_stage2_sa/step-1000.ckpt,/dss/dsshome1/0E/ra63pux2/Documents/thesis/code/tabicl-lfs/checkpoints_mini_tabicl_stage2_ea/step-1000_ea.ckpt
climate-model-simulation-crashes,noise,sigma,0.25,162,0.9197530864197531,0.9320987654320988,0.545631067961165,0.6924935289042278,0.21870057837120097,0.22456952833736982,0.12241221882564558,0.11551584366099124,0.05594275799798373,0.054991896873638924,42,8,True,/dss/dsshome1/0E/ra63pux2/Documents/thesis/code/tabicl-lfs/checkpoints_mini_tabicl_stage2_sa/step-1000.ckpt,/dss/dsshome1/0E/ra63pux2/Documents/thesis/code/tabicl-lfs/checkpoints_mini_tabicl_stage2_ea/step-1000_ea.ckpt
climate-model-simulation-crashes,noise,sigma,0.5,162,0.9197530864197531,0.9320987654320988,0.5964744203870473,0.6924935289042278,0.2814257485474648,0.2942951304817355,0.13949794407826188,0.13865614981128338,0.04225826226634744,0.057612296975689134,42,8,True,/dss/dsshome1/0E/ra63pux2/Documents/thesis/code/tabicl-lfs/checkpoints_mini_tabicl_stage2_sa/step-1000.ckpt,/dss/dsshome1/0E/ra63pux2/Documents/thesis/code/tabicl-lfs/checkpoints_mini_tabicl_stage2_ea/step-1000_ea.ckpt
climate-model-simulation-crashes,outliers,frac,0.0,162,0.9259259259259259,0.9382716049382716,0.6055194805194806,0.7058823529411764,0.24067586353600898,0.2320221992615207,0.12412414588522613,0.10773172684595511,0.05932288110992053,0.04774793724954867,42,8,True,/dss/dsshome1/0E/ra63pux2/Documents/thesis/code/tabicl-lfs/checkpoints_mini_tabicl_stage2_sa/step-1000.ckpt,/dss/dsshome1/0E/ra63pux2/Documents/thesis/code/tabicl-lfs/checkpoints_mini_tabicl_stage2_ea/step-1000_ea.ckpt
climate-model-simulation-crashes,outliers,frac,0.05,170,0.9176470588235294,0.9294117647058824,0.5893719806763285,0.68125,0.2535897368181683,0.25090563297301444,0.13378031461552897,0.1232978502342377,0.06451654364080989,0.04976730311618134,42,8,True,/dss/dsshome1/0E/ra63pux2/Documents/thesis/code/tabicl-lfs/checkpoints_mini_tabicl_stage2_sa/step-1000.ckpt,/dss/dsshome1/0E/ra63pux2/Documents/thesis/code/tabicl-lfs/checkpoints_mini_tabicl_stage2_ea/step-1000_ea.ckpt
climate-model-simulation-crashes,outliers,frac,0.1,178,0.9269662921348315,0.9325842696629213,0.5984730175255943,0.6821428571428572,0.2634999552385907,0.2565408318842875,0.1409693302607071,0.12760360271251392,0.06916105680251387,0.058770858169941445,42,8,True,/dss/dsshome1/0E/ra63pux2/Documents/thesis/code/tabicl-lfs/checkpoints_mini_tabicl_stage2_sa/step-1000.ckpt,/dss/dsshome1/0E/ra63pux2/Documents/thesis/code/tabicl-lfs/checkpoints_mini_tabicl_stage2_ea/step-1000_ea.ckpt
climate-model-simulation-crashes,rescale,factor,0.5,162,0.9135802469135802,0.9135802469135802,0.4774193548387097,0.4774193548387097,0.49181182636110204,0.6108704691139611,0.17126739824736525,0.17234304964003017,0.08036964322313855,0.08477162505373548,42,8,True,/dss/dsshome1/0E/ra63pux2/Documents/thesis/code/tabicl-lfs/checkpoints_mini_tabicl_stage2_sa/step-1000.ckpt,/dss/dsshome1/0E/ra63pux2/Documents/thesis/code/tabicl-lfs/checkpoints_mini_tabicl_stage2_ea/step-1000_ea.ckpt
climate-model-simulation-crashes,rescale,factor,2.0,162,0.9135802469135802,0.8888888888888888,0.4774193548387097,0.5611077664057796,0.4285413407431591,0.40934009596392507,0.25196638835212376,0.24014871714606117,0.22126572477964698,0.17909845157905863,42,8,True,/dss/dsshome1/0E/ra63pux2/Documents/thesis/code/tabicl-lfs/checkpoints_mini_tabicl_stage2_sa/step-1000.ckpt,/dss/dsshome1/0E/ra63pux2/Documents/thesis/code/tabicl-lfs/checkpoints_mini_tabicl_stage2_ea/step-1000_ea.ckpt
kc2,clean,none,0.0,157,0.8280254777070064,0.821656050955414,0.69355888093689,0.7039331896551724,0.4687946713334755,0.49799421680707084,0.2675611878672942,0.27806154054794324,0.1025647114796244,0.08365073705175119,42,8,True,/dss/dsshome1/0E/ra63pux2/Documents/thesis/code/tabicl-lfs/checkpoints_mini_tabicl_stage2_sa/step-1000.ckpt,/dss/dsshome1/0E/ra63pux2/Documents/thesis/code/tabicl-lfs/checkpoints_mini_tabicl_stage2_ea/step-1000_ea.ckpt
kc2,noise,sigma,0.0,157,0.8280254777070064,0.821656050955414,0.69355888093689,0.7039331896551724,0.4687946713334755,0.49799421680707084,0.2675611878672942,0.27806154054794324,0.1025647114796244,0.08365073705175119,42,8,True,/dss/dsshome1/0E/ra63pux2/Documents/thesis/code/tabicl-lfs/checkpoints_mini_tabicl_stage2_sa/step-1000.ckpt,/dss/dsshome1/0E/ra63pux2/Documents/thesis/code/tabicl-lfs/checkpoints_mini_tabicl_stage2_ea/step-1000_ea.ckpt
kc2,noise,sigma,0.25,157,0.821656050955414,0.554140127388535,0.6957364341085271,0.5015420899854862,0.5630226905396042,0.6847037762772681,0.3733209189085068,0.48918920606691035,0.21657917681772998,0.07805574509748228,42,8,True,/dss/dsshome1/0E/ra63pux2/Documents/thesis/code/tabicl-lfs/checkpoints_mini_tabicl_stage2_sa/step-1000.ckpt,/dss/dsshome1/0E/ra63pux2/Documents/thesis/code/tabicl-lfs/checkpoints_mini_tabicl_stage2_ea/step-1000_ea.ckpt
kc2,noise,sigma,0.5,157,0.7070063694267515,0.2356687898089172,0.6463963963963963,0.22174487772637147,0.6393035798839265,0.8996576183042393,0.44654019788152616,0.6933916258969055,0.15012319945985342,0.41146899446560314,42,8,True,/dss/dsshome1/0E/ra63pux2/Documents/thesis/code/tabicl-lfs/checkpoints_mini_tabicl_stage2_sa/step-1000.ckpt,/dss/dsshome1/0E/ra63pux2/Documents/thesis/code/tabicl-lfs/checkpoints_mini_tabicl_stage2_ea/step-1000_ea.ckpt
kc2,outliers,frac,0.0,157,0.8280254777070064,0.821656050955414,0.69355888093689,0.7039331896551724,0.4687946713334755,0.49799421680707084,0.2675611878672942,0.27806154054794324,0.1025647114796244,0.08365073705175119,42,8,True,/dss/dsshome1/0E/ra63pux2/Documents/thesis/code/tabicl-lfs/checkpoints_mini_tabicl_stage2_sa/step-1000.ckpt,/dss/dsshome1/0E/ra63pux2/Documents/thesis/code/tabicl-lfs/checkpoints_mini_tabicl_stage2_ea/step-1000_ea.ckpt
kc2,outliers,frac,0.05,165,0.793939393939394,0.7878787878787878,0.6623736157920077,0.6722660461948811,0.4912843401285651,0.5380969890618145,0.28994439231982483,0.31559334167500575,0.11990665377992574,0.10282997073549212,42,8,True,/dss/dsshome1/0E/ra63pux2/Documents/thesis/code/tabicl-lfs/checkpoints_mini_tabicl_stage2_sa/step-1000.ckpt,/dss/dsshome1/0E/ra63pux2/Documents/thesis/code/tabicl-lfs/checkpoints_mini_tabicl_stage2_ea/step-1000_ea.ckpt
kc2,outliers,frac,0.1,173,0.7687861271676301,0.7630057803468208,0.6492295214922952,0.657558055327572,0.5178422659998021,0.5737406203448209,0.31559385225792413,0.34741711257098895,0.11663883373227424,0.12361801325241265,42,8,True,/dss/dsshome1/0E/ra63pux2/Documents/thesis/code/tabicl-lfs/checkpoints_mini_tabicl_stage2_sa/step-1000.ckpt,/dss/dsshome1/0E/ra63pux2/Documents/thesis/code/tabicl-lfs/checkpoints_mini_tabicl_stage2_ea/step-1000_ea.ckpt
kc2,rescale,factor,0.5,157,0.7898089171974523,0.7961783439490446,0.469431643625192,0.49800159872102323,0.45678750339327234,0.4544361951036918,0.2899111348833939,0.2881285198613071,0.08881650418992253,0.06430684722912539,42,8,True,/dss/dsshome1/0E/ra63pux2/Documents/thesis/code/tabicl-lfs/checkpoints_mini_tabicl_stage2_sa/step-1000.ckpt,/dss/dsshome1/0E/ra63pux2/Documents/thesis/code/tabicl-lfs/checkpoints_mini_tabicl_stage2_ea/step-1000_ea.ckpt
kc2,rescale,factor,2.0,157,0.7515923566878981,0.7133757961783439,0.6806446565482711,0.6471910112359551,0.5260059670316691,0.5851781922203528,0.34005989082187194,0.3763334775429074,0.07790326350813456,0.10688021342465834,42,8,True,/dss/dsshome1/0E/ra63pux2/Documents/thesis/code/tabicl-lfs/checkpoints_mini_tabicl_stage2_sa/step-1000.ckpt,/dss/dsshome1/0E/ra63pux2/Documents/thesis/code/tabicl-lfs/checkpoints_mini_tabicl_stage2_ea/step-1000_ea.ckpt
jm1,clean,none,0.0,3266,0.8187385180649112,0.8169014084507042,0.5792647526036567,0.5956129780317618,0.4349432327184054,0.4336675075457349,0.2728738461920675,0.2723248207459239,0.024483784768600338,0.026887574519982596,42,8,True,/dss/dsshome1/0E/ra63pux2/Documents/thesis/code/tabicl-lfs/checkpoints_mini_tabicl_stage2_sa/step-1000.ckpt,/dss/dsshome1/0E/ra63pux2/Documents/thesis/code/tabicl-lfs/checkpoints_mini_tabicl_stage2_ea/step-1000_ea.ckpt
jm1,noise,sigma,0.0,3266,0.8187385180649112,0.8169014084507042,0.5792647526036567,0.5956129780317618,0.4349432327184054,0.4336675075457349,0.2728738461920675,0.2723248207459239,0.024483784768600338,0.026887574519982596,42,8,True,/dss/dsshome1/0E/ra63pux2/Documents/thesis/code/tabicl-lfs/checkpoints_mini_tabicl_stage2_sa/step-1000.ckpt,/dss/dsshome1/0E/ra63pux2/Documents/thesis/code/tabicl-lfs/checkpoints_mini_tabicl_stage2_ea/step-1000_ea.ckpt
jm1,noise,sigma,0.25,3266,0.8101653398652786,0.7672994488671158,0.5264421750189197,0.5803160986589242,0.5456453698640163,0.608269231626795,0.3571033805659753,0.4170442155661533,0.17358190876095853,0.1832017262728026,42,8,True,/dss/dsshome1/0E/ra63pux2/Documents/thesis/code/tabicl-lfs/checkpoints_mini_tabicl_stage2_sa/step-1000.ckpt,/dss/dsshome1/0E/ra63pux2/Documents/thesis/code/tabicl-lfs/checkpoints_mini_tabicl_stage2_ea/step-1000_ea.ckpt
jm1,noise,sigma,0.5,3266,0.8129210042865891,0.417636252296387,0.5294160094573062,0.4023696897675951,0.5959914585811691,0.7181445162308789,0.40421374954308387,0.5248848170666549,0.22798218730031825,0.13497934707161555,42,8,True,/dss/dsshome1/0E/ra63pux2/Documents/thesis/code/tabicl-lfs/checkpoints_mini_tabicl_stage2_sa/step-1000.ckpt,/dss/dsshome1/0E/ra63pux2/Documents/thesis/code/tabicl-lfs/checkpoints_mini_tabicl_stage2_ea/step-1000_ea.ckpt
jm1,outliers,frac,0.0,3266,0.8187385180649112,0.8169014084507042,0.5792647526036567,0.5956129780317618,0.4349432327184054,0.4336675075457349,0.2728738461920675,0.2723248207459239,0.024483784768600338,0.026887574519982596,42,8,True,/dss/dsshome1/0E/ra63pux2/Documents/thesis/code/tabicl-lfs/checkpoints_mini_tabicl_stage2_sa/step-1000.ckpt,/dss/dsshome1/0E/ra63pux2/Documents/thesis/code/tabicl-lfs/checkpoints_mini_tabicl_stage2_ea/step-1000_ea.ckpt
jm1,outliers,frac,0.05,3429,0.7941090696996209,0.7868183143773695,0.5739260123875888,0.5867138660966242,0.4486224423741287,0.46385452611052125,0.28507221005338107,0.29966446162141847,0.030184904021610462,0.04539287547461664,42,8,True,/dss/dsshome1/0E/ra63pux2/Documents/thesis/code/tabicl-lfs/checkpoints_mini_tabicl_stage2_sa/step-1000.ckpt,/dss/dsshome1/0E/ra63pux2/Documents/thesis/code/tabicl-lfs/checkpoints_mini_tabicl_stage2_ea/step-1000_ea.ckpt
jm1,outliers,frac,0.1,3593,0.771221820205956,0.7603673810186473,0.5684166072409722,0.5806885437216928,0.46122330431623776,0.4920550631529506,0.2963163454042953,0.32508095211814514,0.039207606719723294,0.06535204668546697,42,8,True,/dss/dsshome1/0E/ra63pux2/Documents/thesis/code/tabicl-lfs/checkpoints_mini_tabicl_stage2_sa/step-1000.ckpt,/dss/dsshome1/0E/ra63pux2/Documents/thesis/code/tabicl-lfs/checkpoints_mini_tabicl_stage2_ea/step-1000_ea.ckpt
jm1,rescale,factor,0.5,3266,0.8077158603796694,0.8098591549295775,0.4575927306962009,0.47737011403263974,0.45580447889838394,0.45584515140695725,0.28884764502013577,0.2879185093805117,0.03033825205792991,0.027944510306453545,42,8,True,/dss/dsshome1/0E/ra63pux2/Documents/thesis/code/tabicl-lfs/checkpoints_mini_tabicl_stage2_sa/step-1000.ckpt,/dss/dsshome1/0E/ra63pux2/Documents/thesis/code/tabicl-lfs/checkpoints_mini_tabicl_stage2_ea/step-1000_ea.ckpt
jm1,rescale,factor,2.0,3266,0.8074096754439681,0.7893447642375995,0.6031926711192177,0.6233979806024672,0.48539992800111986,0.5082982720749248,0.30898859475760737,0.3280525819979817,0.09593299863459653,0.09436494765366356,42,8,True,/dss/dsshome1/0E/ra63pux2/Documents/thesis/code/tabicl-lfs/checkpoints_mini_tabicl_stage2_sa/step-1000.ckpt,/dss/dsshome1/0E/ra63pux2/Documents/thesis/code/tabicl-lfs/checkpoints_mini_tabicl_stage2_ea/step-1000_ea.ckpt
madelon,clean,none,0.0,780,0.6102564102564103,0.6461538461538462,0.6092287409360579,0.645921052631579,0.6596191620943378,0.6341740715800138,0.4671696310236175,0.44349617669186847,0.050014930428602784,0.05527420823390665,42,8,True,/dss/dsshome1/0E/ra63pux2/Documents/thesis/code/tabicl-lfs/checkpoints_mini_tabicl_stage2_sa/step-1000.ckpt,/dss/dsshome1/0E/ra63pux2/Documents/thesis/code/tabicl-lfs/checkpoints_mini_tabicl_stage2_ea/step-1000_ea.ckpt
madelon,noise,sigma,0.0,780,0.6102564102564103,0.6461538461538462,0.6092287409360579,0.645921052631579,0.6596191620943378,0.6341740715800138,0.4671696310236175,0.44349617669186847,0.050014930428602784,0.05527420823390665,42,8,True,/dss/dsshome1/0E/ra63pux2/Documents/thesis/code/tabicl-lfs/checkpoints_mini_tabicl_stage2_sa/step-1000.ckpt,/dss/dsshome1/0E/ra63pux2/Documents/thesis/code/tabicl-lfs/checkpoints_mini_tabicl_stage2_ea/step-1000_ea.ckpt
madelon,noise,sigma,0.25,780,0.6038461538461538,0.6512820512820513,0.6009014573339448,0.6504524215923395,0.661719156711788,0.6377634233378495,0.4692701486873357,0.44682145306251225,0.03872951972178921,0.060910568252587935,42,8,True,/dss/dsshome1/0E/ra63pux2/Documents/thesis/code/tabicl-lfs/checkpoints_mini_tabicl_stage2_sa/step-1000.ckpt,/dss/dsshome1/0E/ra63pux2/Documents/thesis/code/tabicl-lfs/checkpoints_mini_tabicl_stage2_ea/step-1000_ea.ckpt
madelon,noise,sigma,0.5,780,0.5807692307692308,0.6153846153846154,0.5693525430081837,0.61207925519217,0.6722241987851718,0.65140296336734,0.4795381344105562,0.45991580413927285,0.0212170626108463,0.039819974929858476,42,8,True,/dss/dsshome1/0E/ra63pux2/Documents/thesis/code/tabicl-lfs/checkpoints_mini_tabicl_stage2_sa/step-1000.ckpt,/dss/dsshome1/0E/ra63pux2/Documents/thesis/code/tabicl-lfs/checkpoints_mini_tabicl_stage2_ea/step-1000_ea.ckpt
madelon,outliers,frac,0.0,780,0.6102564102564103,0.6461538461538462,0.6092287409360579,0.645921052631579,0.6596191620943378,0.6341740715800138,0.4671696310236175,0.44349617669186847,0.050014930428602784,0.05527420823390665,42,8,True,/dss/dsshome1/0E/ra63pux2/Documents/thesis/code/tabicl-lfs/checkpoints_mini_tabicl_stage2_sa/step-1000.ckpt,/dss/dsshome1/0E/ra63pux2/Documents/thesis/code/tabicl-lfs/checkpoints_mini_tabicl_stage2_ea/step-1000_ea.ckpt
madelon,outliers,frac,0.05,819,0.6043956043956044,0.6373626373626373,0.6026034241077312,0.6365802751162752,0.6609649702799084,0.6379811568861947,0.4684825664193517,0.4471764881744323,0.05008813087465708,0.04788833587306468,42,8,True,/dss/dsshome1/0E/ra63pux2/Documents/thesis/code/tabicl-lfs/checkpoints_mini_tabicl_stage2_sa/step-1000.ckpt,/dss/dsshome1/0E/ra63pux2/Documents/thesis/code/tabicl-lfs/checkpoints_mini_tabicl_stage2_ea/step-1000_ea.ckpt
madelon,outliers,frac,0.1,858,0.6025641025641025,0.6351981351981352,0.5993371996685999,0.6333448473123506,0.6626246527262177,0.6388443011871302,0.4701117905752538,0.4479461038477028,0.0444554759489073,0.050127095275825574,42,8,True,/dss/dsshome1/0E/ra63pux2/Documents/thesis/code/tabicl-lfs/checkpoints_mini_tabicl_stage2_sa/step-1000.ckpt,/dss/dsshome1/0E/ra63pux2/Documents/thesis/code/tabicl-lfs/checkpoints_mini_tabicl_stage2_ea/step-1000_ea.ckpt
madelon,rescale,factor,0.5,780,0.5,0.5,0.3333333333333333,0.3333333333333333,0.6931638725513847,0.6987177330969248,0.500016700130031,0.5055396434579182,0.0072245001792907715,0.052725255489349365,42,8,True,/dss/dsshome1/0E/ra63pux2/Documents/thesis/code/tabicl-lfs/checkpoints_mini_tabicl_stage2_sa/step-1000.ckpt,/dss/dsshome1/0E/ra63pux2/Documents/thesis/code/tabicl-lfs/checkpoints_mini_tabicl_stage2_ea/step-1000_ea.ckpt
madelon,rescale,factor,2.0,780,0.5,0.5,0.3333333333333333,0.3333333333333333,0.6932780538562872,0.7002906692854866,0.5001308876527675,0.50709271099787,0.011790990829467773,0.059760093688964844,42,8,True,/dss/dsshome1/0E/ra63pux2/Documents/thesis/code/tabicl-lfs/checkpoints_mini_tabicl_stage2_sa/step-1000.ckpt,/dss/dsshome1/0E/ra63pux2/Documents/thesis/code/tabicl-lfs/checkpoints_mini_tabicl_stage2_ea/step-1000_ea.ckpt
pc1,clean,none,0.0,333,0.93993993993994,0.9369369369369369,0.6271831616659203,0.5946791862284819,0.16165841311056028,0.16234237232024154,0.0913912978851482,0.0925042739192123,0.01367283798194864,0.01141631102060771,42,8,True,/dss/dsshome1/0E/ra63pux2/Documents/thesis/code/tabicl-lfs/checkpoints_mini_tabicl_stage2_sa/step-1000.ckpt,/dss/dsshome1/0E/ra63pux2/Documents/thesis/code/tabicl-lfs/checkpoints_mini_tabicl_stage2_ea/step-1000_ea.ckpt
pc1,noise,sigma,0.0,333,0.93993993993994,0.9369369369369369,0.6271831616659203,0.5946791862284819,0.16165841311056028,0.16234237232024154,0.0913912978851482,0.0925042739192123,0.01367283798194864,0.01141631102060771,42,8,True,/dss/dsshome1/0E/ra63pux2/Documents/thesis/code/tabicl-lfs/checkpoints_mini_tabicl_stage2_sa/step-1000.ckpt,/dss/dsshome1/0E/ra63pux2/Documents/thesis/code/tabicl-lfs/checkpoints_mini_tabicl_stage2_ea/step-1000_ea.ckpt
pc1,noise,sigma,0.25,333,0.933933933933934,0.933933933933934,0.5245327102803738,0.559735576923077,0.2537267494097228,0.2830682754805294,0.12715616729875545,0.14512091728374388,0.08551337160505693,0.11284945605395434,42,8,True,/dss/dsshome1/0E/ra63pux2/Documents/thesis/code/tabicl-lfs/checkpoints_mini_tabicl_stage2_sa/step-1000.ckpt,/dss/dsshome1/0E/ra63pux2/Documents/thesis/code/tabicl-lfs/checkpoints_mini_tabicl_stage2_ea/step-1000_ea.ckpt
pc1,noise,sigma,0.5,333,0.933933933933934,0.9279279279279279,0.5245327102803738,0.5526197939991043,0.291226975600755,0.3582651186838591,0.1462888557838149,0.19603539327469854,0.12154183588228429,0.1739838323793612,42,8,True,/dss/dsshome1/0E/ra63pux2/Documents/thesis/code/tabicl-lfs/checkpoints_mini_tabicl_stage2_sa/step-1000.ckpt,/dss/dsshome1/0E/ra63pux2/Documents/thesis/code/tabicl-lfs/checkpoints_mini_tabicl_stage2_ea/step-1000_ea.ckpt
pc1,outliers,frac,0.0,333,0.93993993993994,0.9369369369369369,0.6271831616659203,0.5946791862284819,0.16165841311056028,0.16234237232024154,0.0913912978851482,0.0925042739192123,0.01367283798194864,0.01141631102060771,42,8,True,/dss/dsshome1/0E/ra63pux2/Documents/thesis/code/tabicl-lfs/checkpoints_mini_tabicl_stage2_sa/step-1000.ckpt,/dss/dsshome1/0E/ra63pux2/Documents/thesis/code/tabicl-lfs/checkpoints_mini_tabicl_stage2_ea/step-1000_ea.ckpt
pc1,outliers,frac,0.05,350,0.9428571428571428,0.92,0.6279761904761905,0.567214273096626,0.17127533684328616,0.18592100139766168,0.09590199726070316,0.11012254518835635,0.024486904144287124,0.015506870576313569,42,8,True,/dss/dsshome1/0E/ra63pux2/Documents/thesis/code/tabicl-lfs/checkpoints_mini_tabicl_stage2_sa/step-1000.ckpt,/dss/dsshome1/0E/ra63pux2/Documents/thesis/code/tabicl-lfs/checkpoints_mini_tabicl_stage2_ea/step-1000_ea.ckpt
pc1,outliers,frac,0.1,366,0.9344262295081968,0.8961748633879781,0.6078571428571429,0.5405655391120507,0.1909056803496064,0.21063430144075218,0.11034218715769913,0.12962675820864836,0.025230053506913753,0.018215641460783503,42,8,True,/dss/dsshome1/0E/ra63pux2/Documents/thesis/code/tabicl-lfs/checkpoints_mini_tabicl_stage2_sa/step-1000.ckpt,/dss/dsshome1/0E/ra63pux2/Documents/thesis/code/tabicl-lfs/checkpoints_mini_tabicl_stage2_ea/step-1000_ea.ckpt
pc1,rescale,factor,0.5,333,0.9309309309309309,0.933933933933934,0.4821150855365474,0.5245327102803738,0.24141269574867522,0.2323151676085851,0.12384519626371705,0.12237141085210519,0.04679964254568286,0.04415056816450472,42,8,True,/dss/dsshome1/0E/ra63pux2/Documents/thesis/code/tabicl-lfs/checkpoints_mini_tabicl_stage2_sa/step-1000.ckpt,/dss/dsshome1/0E/ra63pux2/Documents/thesis/code/tabicl-lfs/checkpoints_mini_tabicl_stage2_ea/step-1000_ea.ckpt
pc1,rescale,factor,2.0,333,0.9369369369369369,0.9159159159159159,0.644754889509779,0.6276357827476038,0.22568379730762986,0.26270263704517366,0.12019048044079333,0.13976441943737736,0.06142597316621661,0.09726771041079683,42,8,True,/dss/dsshome1/0E/ra63pux2/Documents/thesis/code/tabicl-lfs/checkpoints_mini_tabicl_stage2_sa/step-1000.ckpt,/dss/dsshome1/0E/ra63pux2/Documents/thesis/code/tabicl-lfs/checkpoints_mini_tabicl_stage2_ea/step-1000_ea.ckpt
connect-4,clean,none,0.0,20268,0.7254292480757845,0.6749555950266429,0.42899217508104076,0.3115972168810911,0.6792791049740383,0.7522234252376913,0.3827927584374882,0.4331652931939537,0.04063471437723935,0.08132664051450215,42,8,True,/dss/dsshome1/0E/ra63pux2/Documents/thesis/code/tabicl-lfs/checkpoints_mini_tabicl_stage2_sa/step-1000.ckpt,/dss/dsshome1/0E/ra63pux2/Documents/thesis/code/tabicl-lfs/checkpoints_mini_tabicl_stage2_ea/step-1000_ea.ckpt
connect-4,noise,sigma,0.0,20268,0.7254292480757845,0.6749555950266429,0.42899217508104076,0.3115972168810911,0.6792791049740383,0.7522234252376913,0.3827927584374882,0.4331652931939537,0.04063471437723935,0.08132664051450215,42,8,True,/dss/dsshome1/0E/ra63pux2/Documents/thesis/code/tabicl-lfs/checkpoints_mini_tabicl_stage2_sa/step-1000.ckpt,/dss/dsshome1/0E/ra63pux2/Documents/thesis/code/tabicl-lfs/checkpoints_mini_tabicl_stage2_ea/step-1000_ea.ckpt
connect-4,noise,sigma,0.25,20268,0.7254292480757845,0.6749555950266429,0.42899217508104076,0.3115972168810911,0.6792791049740383,0.7522234252376913,0.3827927584374882,0.4331652931939537,0.04063471437723935,0.08132664051450215,42,8,True,/dss/dsshome1/0E/ra63pux2/Documents/thesis/code/tabicl-lfs/checkpoints_mini_tabicl_stage2_sa/step-1000.ckpt,/dss/dsshome1/0E/ra63pux2/Documents/thesis/code/tabicl-lfs/checkpoints_mini_tabicl_stage2_ea/step-1000_ea.ckpt
connect-4,noise,sigma,0.5,20268,0.7254292480757845,0.6749555950266429,0.42899217508104076,0.3115972168810911,0.6792791049740383,0.7522234252376913,0.3827927584374882,0.4331652931939537,0.04063471437723935,0.08132664051450215,42,8,True,/dss/dsshome1/0E/ra63pux2/Documents/thesis/code/tabicl-lfs/checkpoints_mini_tabicl_stage2_sa/step-1000.ckpt,/dss/dsshome1/0E/ra63pux2/Documents/thesis/code/tabicl-lfs/checkpoints_mini_tabicl_stage2_ea/step-1000_ea.ckpt
connect-4,outliers,frac,0.0,20268,0.7254292480757845,0.6749555950266429,0.42899217508104076,0.3115972168810911,0.6792791049740383,0.7522234252376913,0.3827927584374882,0.4331652931939537,0.04063471437723935,0.08132664051450215,42,8,True,/dss/dsshome1/0E/ra63pux2/Documents/thesis/code/tabicl-lfs/checkpoints_mini_tabicl_stage2_sa/step-1000.ckpt,/dss/dsshome1/0E/ra63pux2/Documents/thesis/code/tabicl-lfs/checkpoints_mini_tabicl_stage2_ea/step-1000_ea.ckpt
connect-4,outliers,frac,0.05,21281,0.7228983600394718,0.6748273107466755,0.42338744871482037,0.3096900578951789,0.6860191392431505,0.7556942757278083,0.3875616444713143,0.43554844989933594,0.037829103752061145,0.07766009286507464,42,8,True,/dss/dsshome1/0E/ra63pux2/Documents/thesis/code/tabicl-lfs/checkpoints_mini_tabicl_stage2_sa/step-1000.ckpt,/dss/dsshome1/0E/ra63pux2/Documents/thesis/code/tabicl-lfs/checkpoints_mini_tabicl_stage2_ea/step-1000_ea.ckpt
connect-4,outliers,frac,0.1,22295,0.7181430814083876,0.672258353891007,0.41685485949073503,0.3070929425071651,0.6953006428172802,0.7623599572267457,0.3940677903779237,0.4402502364088486,0.037606758722731774,0.0765876298181731,42,8,True,/dss/dsshome1/0E/ra63pux2/Documents/thesis/code/tabicl-lfs/checkpoints_mini_tabicl_stage2_sa/step-1000.ckpt,/dss/dsshome1/0E/ra63pux2/Documents/thesis/code/tabicl-lfs/checkpoints_mini_tabicl_stage2_ea/step-1000_ea.ckpt
balance-scale,clean,none,0.0,188,0.925531914893617,0.9521276595744681,0.7938461538461539,0.8916138604679916,0.17664062365140518,0.14854970217497585,0.10079747012192662,0.08450075859693745,0.054874882577581614,0.04661777678956376,42,8,True,/dss/dsshome1/0E/ra63pux2/Documents/thesis/code/tabicl-lfs/checkpoints_mini_tabicl_stage2_sa/step-1000.ckpt,/dss/dsshome1/0E/ra63pux2/Documents/thesis/code/tabicl-lfs/checkpoints_mini_tabicl_stage2_ea/step-1000_ea.ckpt
balance-scale,noise,sigma,0.0,188,0.925531914893617,0.9521276595744681,0.7938461538461539,0.8916138604679916,0.17664062365140518,0.14854970217497585,0.10079747012192662,0.08450075859693745,0.054874882577581614,0.04661777678956376,42,8,True,/dss/dsshome1/0E/ra63pux2/Documents/thesis/code/tabicl-lfs/checkpoints_mini_tabicl_stage2_sa/step-1000.ckpt,/dss/dsshome1/0E/ra63pux2/Documents/thesis/code/tabicl-lfs/checkpoints_mini_tabicl_stage2_ea/step-1000_ea.ckpt
balance-scale,noise,sigma,0.25,188,0.8351063829787234,0.8297872340425532,0.5863044708545557,0.6578138119971579,0.39898643706925424,0.48597565496422845,0.21692184259098907,0.2323980234445084,0.04452781046324587,0.08012056857981585,42,8,True,/dss/dsshome1/0E/ra63pux2/Documents/thesis/code/tabicl-lfs/checkpoints_mini_tabicl_stage2_sa/step-1000.ckpt,/dss/dsshome1/0E/ra63pux2/Documents/thesis/code/tabicl-lfs/checkpoints_mini_tabicl_stage2_ea/step-1000_ea.ckpt
balance-scale,noise,sigma,0.5,188,0.7872340425531915,0.7446808510638298,0.5840928333084316,0.5766546450277166,0.6752897613313728,0.9834047473964941,0.33497126571949276,0.4024215221150232,0.11234093283085111,0.14744337584744108,42,8,True,/dss/dsshome1/0E/ra63pux2/Documents/thesis/code/tabicl-lfs/checkpoints_mini_tabicl_stage2_sa/step-1000.ckpt,/dss/dsshome1/0E/ra63pux2/Documents/thesis/code/tabicl-lfs/checkpoints_mini_tabicl_stage2_ea/step-1000_ea.ckpt
balance-scale,outliers,frac,0.0,188,0.925531914893617,0.9521276595744681,0.7938461538461539,0.8916138604679916,0.17664062365140518,0.14854970217497585,0.10079747012192662,0.08450075859693745,0.054874882577581614,0.04661777678956376,42,8,True,/dss/dsshome1/0E/ra63pux2/Documents/thesis/code/tabicl-lfs/checkpoints_mini_tabicl_stage2_sa/step-1000.ckpt,/dss/dsshome1/0E/ra63pux2/Documents/thesis/code/tabicl-lfs/checkpoints_mini_tabicl_stage2_ea/step-1000_ea.ckpt
balance-scale,outliers,frac,0.05,197,0.8984771573604061,0.9187817258883249,0.7694133694133694,0.8612087235561076,0.2171704599284447,0.20098030981197074,0.12639044186464146,0.11845856114947835,0.04725411201491572,0.029818104759690718,42,8,True,/dss/dsshome1/0E/ra63pux2/Documents/thesis/code/tabicl-lfs/checkpoints_mini_tabicl_stage2_sa/step-1000.ckpt,/dss/dsshome1/0E/ra63pux2/Documents/thesis/code/tabicl-lfs/checkpoints_mini_tabicl_stage2_ea/step-1000_ea.ckpt
balance-scale,outliers,frac,0.1,207,0.8599033816425121,0.8840579710144928,0.7407229344729345,0.835277493003796,0.2583028678089189,0.2589751718678969,0.15440613317320245,0.15798841603355518,0.044279008527884745,0.03906977795748318,42,8,True,/dss/dsshome1/0E/ra63pux2/Documents/thesis/code/tabicl-lfs/checkpoints_mini_tabicl_stage2_sa/step-1000.ckpt,/dss/dsshome1/0E/ra63pux2/Documents/thesis/code/tabicl-lfs/checkpoints_mini_tabicl_stage2_ea/step-1000_ea.ckpt
balance-scale,rescale,factor,0.5,188,0.776595744680851,0.675531914893617,0.6033280378853706,0.5681825119819278,0.8402849614124385,0.8458015663688875,0.4741058117020461,0.4548582852343471,0.27452344843681825,0.09116240796890665,42,8,True,/dss/dsshome1/0E/ra63pux2/Documents/thesis/code/tabicl-lfs/checkpoints_mini_tabicl_stage2_sa/step-1000.ckpt,/dss/dsshome1/0E/ra63pux2/Documents/thesis/code/tabicl-lfs/checkpoints_mini_tabicl_stage2_ea/step-1000_ea.ckpt
balance-scale,rescale,factor,2.0,188,0.6542553191489362,0.6223404255319149,0.45235278244805616,0.42931185212938683,0.8448531873221855,0.7871966717683145,0.5008246844816259,0.46318752825427933,0.15868720570777325,0.11394844600494872,42,8,True,/dss/dsshome1/0E/ra63pux2/Documents/thesis/code/tabicl-lfs/checkpoints_mini_tabicl_stage2_sa/step-1000.ckpt,/dss/dsshome1/0E/ra63pux2/Documents/thesis/code/tabicl-lfs/checkpoints_mini_tabicl_stage2_ea/step-1000_ea.ckpt
ozone-level-8hr,clean,none,0.0,761,0.9513797634691196,0.9448094612352168,0.7266867920132788,0.6673951048951049,0.13411608948359194,0.1393498996561426,0.07842056918377843,0.08101468109921266,0.018734589982753333,0.02073788893520438,42,8,True,/dss/dsshome1/0E/ra63pux2/Documents/thesis/code/tabicl-lfs/checkpoints_mini_tabicl_stage2_sa/step-1000.ckpt,/dss/dsshome1/0E/ra63pux2/Documents/thesis/code/tabicl-lfs/checkpoints_mini_tabicl_stage2_ea/step-1000_ea.ckpt
ozone-level-8hr,noise,sigma,0.0,761,0.9513797634691196,0.9448094612352168,0.7266867920132788,0.6673951048951049,0.13411608948359194,0.1393498996561426,0.07842056918377843,0.08101468109921266,0.018734589982753333,0.02073788893520438,42,8,True,/dss/dsshome1/0E/ra63pux2/Documents/thesis/code/tabicl-lfs/checkpoints_mini_tabicl_stage2_sa/step-1000.ckpt,/dss/dsshome1/0E/ra63pux2/Documents/thesis/code/tabicl-lfs/checkpoints_mini_tabicl_stage2_ea/step-1000_ea.ckpt
ozone-level-8hr,noise,sigma,0.25,761,0.9461235216819974,0.9448094612352168,0.6499029409454562,0.610675306957708,0.14166241750238906,0.1370001779151839,0.08253868181164406,0.08084160390677893,0.012256422666306551,0.015747308182810348,42,8,True,/dss/dsshome1/0E/ra63pux2/Documents/thesis/code/tabicl-lfs/checkpoints_mini_tabicl_stage2_sa/step-1000.ckpt,/dss/dsshome1/0E/ra63pux2/Documents/thesis/code/tabicl-lfs/checkpoints_mini_tabicl_stage2_ea/step-1000_ea.ckpt
ozone-level-8hr,noise,sigma,0.5,761,0.9448094612352168,0.9434954007884363,0.5968059339993945,0.5797038159703045,0.16329450872802356,0.1636504017764202,0.09225235672265002,0.09318147500071663,0.018115424765237226,0.011571873816491442,42,8,True,/dss/dsshome1/0E/ra63pux2/Documents/thesis/code/tabicl-lfs/checkpoints_mini_tabicl_stage2_sa/step-1000.ckpt,/dss/dsshome1/0E/ra63pux2/Documents/thesis/code/tabicl-lfs/checkpoints_mini_tabicl_stage2_ea/step-1000_ea.ckpt
ozone-level-8hr,outliers,frac,0.0,761,0.9513797634691196,0.9448094612352168,0.7266867920132788,0.6673951048951049,0.13411608948359194,0.1393498996561426,0.07842056918377843,0.08101468109921266,0.018734589982753333,0.02073788893520438,42,8,True,/dss/dsshome1/0E/ra63pux2/Documents/thesis/code/tabicl-lfs/checkpoints_mini_tabicl_stage2_sa/step-1000.ckpt,/dss/dsshome1/0E/ra63pux2/Documents/thesis/code/tabicl-lfs/checkpoints_mini_tabicl_stage2_ea/step-1000_ea.ckpt
ozone-level-8hr,outliers,frac,0.05,799,0.9524405506883604,0.9461827284105131,0.723660259210718,0.665061368532907,0.1359548281567958,0.14063612985196677,0.07790291467543196,0.08012221127128638,0.018810195528968517,0.020251781904652662,42,8,True,/dss/dsshome1/0E/ra63pux2/Documents/thesis/code/tabicl-lfs/checkpoints_mini_tabicl_stage2_sa/step-1000.ckpt,/dss/dsshome1/0E/ra63pux2/Documents/thesis/code/tabicl-lfs/checkpoints_mini_tabicl_stage2_ea/step-1000_ea.ckpt
ozone-level-8hr,outliers,frac,0.1,837,0.951015531660693,0.945041816009558,0.7138461538461538,0.6570894193088707,0.14388157081396927,0.14805164133426577,0.08134935139398558,0.08343902780335265,0.02200794248455599,0.021948389611078974,42,8,True,/dss/dsshome1/0E/ra63pux2/Documents/thesis/code/tabicl-lfs/checkpoints_mini_tabicl_stage2_sa/step-1000.ckpt,/dss/dsshome1/0E/ra63pux2/Documents/thesis/code/tabicl-lfs/checkpoints_mini_tabicl_stage2_ea/step-1000_ea.ckpt
ozone-level-8hr,rescale,factor,0.5,761,0.9369250985545335,0.9369250985545335,0.4837177747625509,0.4837177747625509,0.33903513913565336,0.38094954252873925,0.12473204423531623,0.1254016290956546,0.06052668367202896,0.06188149724777359,42,8,True,/dss/dsshome1/0E/ra63pux2/Documents/thesis/code/tabicl-lfs/checkpoints_mini_tabicl_stage2_sa/step-1000.ckpt,/dss/dsshome1/0E/ra63pux2/Documents/thesis/code/tabicl-lfs/checkpoints_mini_tabicl_stage2_ea/step-1000_ea.ckpt
ozone-level-8hr,rescale,factor,2.0,761,0.9093298291721419,0.923784494086728,0.5161575673807879,0.5123950508174989,0.3356052106861952,0.2640479440090804,0.18929652013423307,0.14209646982420768,0.14017446689630775,0.08024136481241234,42,8,True,/dss/dsshome1/0E/ra63pux2/Documents/thesis/code/tabicl-lfs/checkpoints_mini_tabicl_stage2_sa/step-1000.ckpt,/dss/dsshome1/0E/ra63pux2/Documents/thesis/code/tabicl-lfs/checkpoints_mini_tabicl_stage2_ea/step-1000_ea.ckpt
diabetes,clean,none,0.0,231,0.7445887445887446,0.7619047619047619,0.7034917872294137,0.7256235827664399,0.4827423636987185,0.5040914821686847,0.3219695467382906,0.3306996639817167,0.08789392209156253,0.07456339566738573,42,8,True,/dss/dsshome1/0E/ra63pux2/Documents/thesis/code/tabicl-lfs/checkpoints_mini_tabicl_stage2_sa/step-1000.ckpt,/dss/dsshome1/0E/ra63pux2/Documents/thesis/code/tabicl-lfs/checkpoints_mini_tabicl_stage2_ea/step-1000_ea.ckpt
diabetes,noise,sigma,0.0,231,0.7445887445887446,0.7619047619047619,0.7034917872294137,0.7256235827664399,0.4827423636987185,0.5040914821686847,0.3219695467382906,0.3306996639817167,0.08789392209156253,0.07456339566738573,42,8,True,/dss/dsshome1/0E/ra63pux2/Documents/thesis/code/tabicl-lfs/checkpoints_mini_tabicl_stage2_sa/step-1000.ckpt,/dss/dsshome1/0E/ra63pux2/Documents/thesis/code/tabicl-lfs/checkpoints_mini_tabicl_stage2_ea/step-1000_ea.ckpt
diabetes,noise,sigma,0.25,231,0.7445887445887446,0.7532467532467533,0.7012298046780805,0.7156462585034014,0.488851921530554,0.49804378459299947,0.32533922469699994,0.32966243009640267,0.057544113753677975,0.07541145003719248,42,8,True,/dss/dsshome1/0E/ra63pux2/Documents/thesis/code/tabicl-lfs/checkpoints_mini_tabicl_stage2_sa/step-1000.ckpt,/dss/dsshome1/0E/ra63pux2/Documents/thesis/code/tabicl-lfs/checkpoints_mini_tabicl_stage2_ea/step-1000_ea.ckpt
diabetes,noise,sigma,0.5,231,0.7705627705627706,0.7662337662337663,0.7410368678215623,0.7402981345769486,0.526394108785574,0.5248434336210505,0.3461737332752824,0.3416792826615369,0.10736004124472154,0.07862581706150268,42,8,True,/dss/dsshome1/0E/ra63pux2/Documents/thesis/code/tabicl-lfs/checkpoints_mini_tabicl_stage2_sa/step-1000.ckpt,/dss/dsshome1/0E/ra63pux2/Documents/thesis/code/tabicl-lfs/checkpoints_mini_tabicl_stage2_ea/step-1000_ea.ckpt
diabetes,outliers,frac,0.0,231,0.7445887445887446,0.7619047619047619,0.7034917872294137,0.7256235827664399,0.4827423636987185,0.5040914821686847,0.3219695467382906,0.3306996639817167,0.08789392209156253,0.07456339566738573,42,8,True,/dss/dsshome1/0E/ra63pux2/Documents/thesis/code/tabicl-lfs/checkpoints_mini_tabicl_stage2_sa/step-1000.ckpt,/dss/dsshome1/0E/ra63pux2/Documents/thesis/code/tabicl-lfs/checkpoints_mini_tabicl_stage2_ea/step-1000_ea.ckpt
diabetes,outliers,frac,0.05,243,0.7325102880658436,0.7489711934156379,0.6921352694669136,0.7130273169031809,0.5017975801354613,0.5227789720183775,0.3381408044557525,0.3470324463705183,0.09172541565365262,0.08505827777179671,42,8,True,/dss/dsshome1/0E/ra63pux2/Documents/thesis/code/tabicl-lfs/checkpoints_mini_tabicl_stage2_sa/step-1000.ckpt,/dss/dsshome1/0E/ra63pux2/Documents/thesis/code/tabicl-lfs/checkpoints_mini_tabicl_stage2_ea/step-1000_ea.ckpt
diabetes,outliers,frac,0.1,254,0.7244094488188977,0.7401574803149606,0.6868174452194744,0.7065126050420167,0.5050950543108372,0.5269170206858397,0.3405583652792699,0.3505266314448137,0.07658441047968828,0.07549038505929663,42,8,True,/dss/dsshome1/0E/ra63pux2/Documents/thesis/code/tabicl-lfs/checkpoints_mini_tabicl_stage2_sa/step-1000.ckpt,/dss/dsshome1/0E/ra63pux2/Documents/thesis/code/tabicl-lfs/checkpoints_mini_tabicl_stage2_ea/step-1000_ea.ckpt
diabetes,rescale,factor,0.5,231,0.6493506493506493,0.6493506493506493,0.3937007874015748,0.3937007874015748,0.7105103779174147,0.725745565366334,0.49849092050802896,0.5073035649869702,0.15744541217754418,0.1703099069141206,42,8,True,/dss/dsshome1/0E/ra63pux2/Documents/thesis/code/tabicl-lfs/checkpoints_mini_tabicl_stage2_sa/step-1000.ckpt,/dss/dsshome1/0E/ra63pux2/Documents/thesis/code/tabicl-lfs/checkpoints_mini_tabicl_stage2_ea/step-1000_ea.ckpt
diabetes,rescale,factor,2.0,231,0.39826839826839827,0.4069264069264069,0.3374259713996822,0.3608861603085809,0.795038549164095,0.8282537789614642,0.5964500606522749,0.6218968858155083,0.2480951256050176,0.25651754935582477,42,8,True,/dss/dsshome1/0E/ra63pux2/Documents/thesis/code/tabicl-lfs/checkpoints_mini_tabicl_stage2_sa/step-1000.ckpt,/dss/dsshome1/0E/ra63pux2/Documents/thesis/code/tabicl-lfs/checkpoints_mini_tabicl_stage2_ea/step-1000_ea.ckpt
first-order-theorem-proving,clean,none,0.0,1836,0.6149237472766884,0.6127450980392157,0.4939287098545111,0.48539703389021294,1.0853558880520116,1.1028457923748134,0.5195909013346511,0.5271150192096117,0.026356270833018045,0.03688484477386495,42,8,True,/dss/dsshome1/0E/ra63pux2/Documents/thesis/code/tabicl-lfs/checkpoints_mini_tabicl_stage2_sa/step-1000.ckpt,/dss/dsshome1/0E/ra63pux2/Documents/thesis/code/tabicl-lfs/checkpoints_mini_tabicl_stage2_ea/step-1000_ea.ckpt
first-order-theorem-proving,noise,sigma,0.0,1836,0.6149237472766884,0.6127450980392157,0.4939287098545111,0.48539703389021294,1.0853558880520116,1.1028457923748134,0.5195909013346511,0.5271150192096117,0.026356270833018045,0.03688484477386495,42,8,True,/dss/dsshome1/0E/ra63pux2/Documents/thesis/code/tabicl-lfs/checkpoints_mini_tabicl_stage2_sa/step-1000.ckpt,/dss/dsshome1/0E/ra63pux2/Documents/thesis/code/tabicl-lfs/checkpoints_mini_tabicl_stage2_ea/step-1000_ea.ckpt
first-order-theorem-proving,noise,sigma,0.25,1836,0.4417211328976035,0.4324618736383442,0.15263540369159426,0.1365629696837792,1.4675643161549212,1.4876438397955891,0.6844871224464019,0.6947365745732318,0.10292280895517802,0.10701623979412132,42,8,True,/dss/dsshome1/0E/ra63pux2/Documents/thesis/code/tabicl-lfs/checkpoints_mini_tabicl_stage2_sa/step-1000.ckpt,/dss/dsshome1/0E/ra63pux2/Documents/thesis/code/tabicl-lfs/checkpoints_mini_tabicl_stage2_ea/step-1000_ea.ckpt
first-order-theorem-proving,noise,sigma,0.5,1836,0.420479302832244,0.41830065359477125,0.10535637198100561,0.10148896206387496,1.5298366927243552,1.544169188508669,0.7140769937266838,0.7216963097374332,0.12416612527339287,0.10793765139216172,42,8,True,/dss/dsshome1/0E/ra63pux2/Documents/thesis/code/tabicl-lfs/checkpoints_mini_tabicl_stage2_sa/step-1000.ckpt,/dss/dsshome1/0E/ra63pux2/Documents/thesis/code/tabicl-lfs/checkpoints_mini_tabicl_stage2_ea/step-1000_ea.ckpt
first-order-theorem-proving,outliers,frac,0.0,1836,0.6149237472766884,0.6127450980392157,0.4939287098545111,0.48539703389021294,1.0853558880520116,1.1028457923748134,0.5195909013346511,0.5271150192096117,0.026356270833018045,0.03688484477386495,42,8,True,/dss/dsshome1/0E/ra63pux2/Documents/thesis/code/tabicl-lfs/checkpoints_mini_tabicl_stage2_sa/step-1000.ckpt,/dss/dsshome1/0E/ra63pux2/Documents/thesis/code/tabicl-lfs/checkpoints_mini_tabicl_stage2_ea/step-1000_ea.ckpt
first-order-theorem-proving,outliers,frac,0.05,1928,0.6026970954356846,0.6006224066390041,0.4799702885941361,0.47142497889981255,1.1168896027546713,1.1337544579413514,0.5339179661128243,0.5414405758458944,0.03113330576831622,0.027759223959999968,42,8,True,/dss/dsshome1/0E/ra63pux2/Documents/thesis/code/tabicl-lfs/checkpoints_mini_tabicl_stage2_sa/step-1000.ckpt,/dss/dsshome1/0E/ra63pux2/Documents/thesis/code/tabicl-lfs/checkpoints_mini_tabicl_stage2_ea/step-1000_ea.ckpt
first-order-theorem-proving,outliers,frac,0.1,2020,0.594059405940594,0.592079207920792,0.4688004751680141,0.4602768333178677,1.1384780380862107,1.1544895201670362,0.5438865519848396,0.5509265930080589,0.029708333866726062,0.022645041980955877,42,8,True,/dss/dsshome1/0E/ra63pux2/Documents/thesis/code/tabicl-lfs/checkpoints_mini_tabicl_stage2_sa/step-1000.ckpt,/dss/dsshome1/0E/ra63pux2/Documents/thesis/code/tabicl-lfs/checkpoints_mini_tabicl_stage2_ea/step-1000_ea.ckpt
first-order-theorem-proving,rescale,factor,0.5,1836,0.41938997821350765,0.417755991285403,0.10239835210933478,0.09921829943106537,1.5011694767203914,1.5189383105992946,0.704832586675935,0.7150210417653003,0.1615757839936836,0.1723792176604401,42,8,True,/dss/dsshome1/0E/ra63pux2/Documents/thesis/code/tabicl-lfs/checkpoints_mini_tabicl_stage2_sa/step-1000.ckpt,/dss/dsshome1/0E/ra63pux2/Documents/thesis/code/tabicl-lfs/checkpoints_mini_tabicl_stage2_ea/step-1000_ea.ckpt
first-order-theorem-proving,rescale,factor,2.0,1836,0.42320261437908496,0.4215686274509804,0.11113701546636635,0.1090192021188545,1.503710056092102,1.48404650814768,0.7009652498199139,0.6911374360206998,0.17742948148050597,0.17315471975826752,42,8,True,/dss/dsshome1/0E/ra63pux2/Documents/thesis/code/tabicl-lfs/checkpoints_mini_tabicl_stage2_sa/step-1000.ckpt,/dss/dsshome1/0E/ra63pux2/Documents/thesis/code/tabicl-lfs/checkpoints_mini_tabicl_stage2_ea/step-1000_ea.ckpt
