dataset_index,dataset_name,feature,percentile,value
0,kr-vs-kp,n_rows,24.41525,3196.0
1,balance-scale,n_rows,0.0,625.0
2,mfeat-factors,n_rows,11.166,2000.0
3,mfeat-fourier,n_rows,11.166,2000.0
4,breast-w,n_rows,0.0,699.0
5,mfeat-karhunen,n_rows,11.166,2000.0
6,mfeat-morphological,n_rows,11.166,2000.0
7,mfeat-zernike,n_rows,11.166,2000.0
8,cmc,n_rows,5.252,1473.0
9,optdigits,n_rows,51.286500000000004,5620.0
10,credit-approval,n_rows,0.0,690.0
11,credit-g,n_rows,0.005,1000.0
12,pendigits,n_rows,100.0,10992.0
13,diabetes,n_rows,0.0,768.0
14,spambase,n_rows,39.90025,4601.0
15,splice,n_rows,24.34875,3190.0
16,tic-tac-toe,n_rows,0.0,958.0
17,vehicle,n_rows,0.0,846.0
18,electricity,n_rows,100.0,45312.0
19,satimage,n_rows,60.21425,6430.0
20,eucalyptus,n_rows,0.0,736.0
21,sick,n_rows,30.827749999999998,3772.0
22,analcatdata_authorship,n_rows,0.0,841.0
23,analcatdata_dmft,n_rows,0.0,797.0
24,pc4,n_rows,5.07675,1458.0
25,pc3,n_rows,6.240749999999999,1563.0
26,jm1,n_rows,100.0,10885.0
27,kc2,n_rows,0.0,522.0
28,kc1,n_rows,12.398249999999999,2109.0
29,pc1,n_rows,1.18575,1109.0
30,adult,n_rows,100.0,48842.0
31,wdbc,n_rows,0.0,569.0
32,phoneme,n_rows,48.89325,5404.0
33,qsar-biodeg,n_rows,0.58,1055.0
34,wall-robot-navigation,n_rows,49.44225,5456.0
35,semeion,n_rows,6.58875,1593.0
36,ilpd,n_rows,0.0,583.0
37,madelon,n_rows,17.8305,2600.0
38,nomao,n_rows,100.0,34465.0
39,ozone-level-8hr,n_rows,17.109750000000002,2534.0
40,first-order-theorem-proving,n_rows,56.771249999999995,6118.0
41,banknote-authentication,n_rows,4.12625,1372.0
42,blood-transfusion-service-center,n_rows,0.0,748.0
43,PhishingWebsites,n_rows,100.0,11055.0
44,cylinder-bands,n_rows,0.0,540.0
45,bank-marketing,n_rows,100.0,45211.0
46,GesturePhaseSegmentationProcessed,n_rows,98.59625,9873.0
47,dresses-sales,n_rows,0.0,500.0
48,connect-4,n_rows,100.0,67557.0
49,MiceProtein,n_rows,0.8580000000000001,1080.0
50,steel-plates-fault,n_rows,10.5335,1941.0
51,climate-model-simulation-crashes,n_rows,0.0,540.0
52,wilt,n_rows,42.54325,4839.0
53,car,n_rows,8.121,1728.0
54,segment,n_rows,14.6005,2310.0
55,mfeat-pixel,n_rows,11.166,2000.0
56,jungle_chess_2pcs_raw_endgame_complete,n_rows,100.0,44819.0
57,numerai28.6,n_rows,100.0,96320.0
58,dna,n_rows,24.313000000000002,3186.0
59,churn,n_rows,44.3955,5000.0
0,kr-vs-kp,n_features,34.85475,36.0
1,balance-scale,n_features,2.0484999999999998,4.0
2,mfeat-factors,n_features,100.0,216.0
3,mfeat-fourier,n_features,75.40299999999999,76.0
4,breast-w,n_features,7.163,9.0
5,mfeat-karhunen,n_features,63.25775,64.0
6,mfeat-morphological,n_features,4.10625,6.0
7,mfeat-zernike,n_features,46.096,47.0
8,cmc,n_features,7.163,9.0
9,optdigits,n_features,63.25775,64.0
10,credit-approval,n_features,13.458,15.0
11,credit-g,n_features,18.512249999999998,20.0
12,pendigits,n_features,14.454749999999999,16.0
13,diabetes,n_features,6.142,8.0
14,spambase,n_features,56.13,57.0
15,splice,n_features,59.17249999999999,60.0
16,tic-tac-toe,n_features,7.163,9.0
17,vehicle,n_features,16.494500000000002,18.0
18,electricity,n_features,6.142,8.0
19,satimage,n_features,34.85475,36.0
20,eucalyptus,n_features,17.51,19.0
21,sick,n_features,27.719749999999998,29.0
22,analcatdata_authorship,n_features,69.28925,70.0
23,analcatdata_dmft,n_features,2.0484999999999998,4.0
24,pc4,n_features,35.86475,37.0
25,pc3,n_features,35.86475,37.0
26,jm1,n_features,19.51775,21.0
27,kc2,n_features,19.51775,21.0
28,kc1,n_features,19.51775,21.0
29,pc1,n_features,19.51775,21.0
30,adult,n_features,12.41975,14.0
31,wdbc,n_features,28.739749999999997,30.0
32,phoneme,n_features,3.08425,5.0
33,qsar-biodeg,n_features,39.96875,41.0
34,wall-robot-navigation,n_features,22.6285,24.0
35,semeion,n_features,100.0,256.0
36,ilpd,n_features,8.19425,10.0
37,madelon,n_features,100.0,500.0
38,nomao,n_features,100.0,118.0
39,ozone-level-8hr,n_features,71.32125,72.0
40,first-order-theorem-proving,n_features,50.1105,51.0
41,banknote-authentication,n_features,2.0484999999999998,4.0
42,blood-transfusion-service-center,n_features,2.0484999999999998,4.0
43,PhishingWebsites,n_features,28.739749999999997,30.0
44,cylinder-bands,n_features,35.86475,37.0
45,bank-marketing,n_features,14.454749999999999,16.0
46,GesturePhaseSegmentationProcessed,n_features,30.778499999999998,32.0
47,dresses-sales,n_features,10.30075,12.0
48,connect-4,n_features,40.954,42.0
49,MiceProtein,n_features,76.414,77.0
50,steel-plates-fault,n_features,25.68875,27.0
51,climate-model-simulation-crashes,n_features,16.494500000000002,18.0
52,wilt,n_features,3.08425,5.0
53,car,n_features,4.10625,6.0
54,segment,n_features,14.454749999999999,16.0
55,mfeat-pixel,n_features,100.0,240.0
56,jungle_chess_2pcs_raw_endgame_complete,n_features,4.10625,6.0
57,numerai28.6,n_features,19.51775,21.0
58,dna,n_features,100.0,180.0
59,churn,n_features,18.512249999999998,20.0
0,kr-vs-kp,n_classes,27.886,2.0
1,balance-scale,n_classes,58.74425,3.0
2,mfeat-factors,n_classes,97.4955,10.0
3,mfeat-fourier,n_classes,97.4955,10.0
4,breast-w,n_classes,27.886,2.0
5,mfeat-karhunen,n_classes,97.4955,10.0
6,mfeat-morphological,n_classes,97.4955,10.0
7,mfeat-zernike,n_classes,97.4955,10.0
8,cmc,n_classes,58.74425,3.0
9,optdigits,n_classes,97.4955,10.0
10,credit-approval,n_classes,27.886,2.0
11,credit-g,n_classes,27.886,2.0
12,pendigits,n_classes,97.4955,10.0
13,diabetes,n_classes,27.886,2.0
14,spambase,n_classes,27.886,2.0
15,splice,n_classes,58.74425,3.0
16,tic-tac-toe,n_classes,27.886,2.0
17,vehicle,n_classes,64.7265,4.0
18,electricity,n_classes,27.886,2.0
19,satimage,n_classes,76.22149999999999,6.0
20,eucalyptus,n_classes,70.59125,5.0
21,sick,n_classes,27.886,2.0
22,analcatdata_authorship,n_classes,64.7265,4.0
23,analcatdata_dmft,n_classes,76.22149999999999,6.0
24,pc4,n_classes,27.886,2.0
25,pc3,n_classes,27.886,2.0
26,jm1,n_classes,27.886,2.0
27,kc2,n_classes,27.886,2.0
28,kc1,n_classes,27.886,2.0
29,pc1,n_classes,27.886,2.0
30,adult,n_classes,27.886,2.0
31,wdbc,n_classes,27.886,2.0
32,phoneme,n_classes,27.886,2.0
33,qsar-biodeg,n_classes,27.886,2.0
34,wall-robot-navigation,n_classes,64.7265,4.0
35,semeion,n_classes,97.4955,10.0
36,ilpd,n_classes,27.886,2.0
37,madelon,n_classes,27.886,2.0
38,nomao,n_classes,27.886,2.0
39,ozone-level-8hr,n_classes,27.886,2.0
40,first-order-theorem-proving,n_classes,76.22149999999999,6.0
41,banknote-authentication,n_classes,27.886,2.0
42,blood-transfusion-service-center,n_classes,27.886,2.0
43,PhishingWebsites,n_classes,27.886,2.0
44,cylinder-bands,n_classes,27.886,2.0
45,bank-marketing,n_classes,27.886,2.0
46,GesturePhaseSegmentationProcessed,n_classes,70.59125,5.0
47,dresses-sales,n_classes,27.886,2.0
48,connect-4,n_classes,58.74425,3.0
49,MiceProtein,n_classes,87.077,8.0
50,steel-plates-fault,n_classes,81.69800000000001,7.0
51,climate-model-simulation-crashes,n_classes,27.886,2.0
52,wilt,n_classes,27.886,2.0
53,car,n_classes,64.7265,4.0
54,segment,n_classes,81.69800000000001,7.0
55,mfeat-pixel,n_classes,97.4955,10.0
56,jungle_chess_2pcs_raw_endgame_complete,n_classes,58.74425,3.0
57,numerai28.6,n_classes,27.886,2.0
58,dna,n_classes,58.74425,3.0
59,churn,n_classes,27.886,2.0
0,kr-vs-kp,class_entropy,56.4045,0.6921598191951595
1,balance-scale,class_entropy,62.344,0.9136485598712407
2,mfeat-factors,class_entropy,100.0,2.3025850929940455
3,mfeat-fourier,class_entropy,100.0,2.3025850929940455
4,breast-w,class_entropy,42.446,0.6441541080484818
5,mfeat-karhunen,class_entropy,100.0,2.3025850929940455
6,mfeat-morphological,class_entropy,100.0,2.3025850929940455
7,mfeat-zernike,class_entropy,100.0,2.3025850929940455
8,cmc,class_entropy,66.3875,1.066777482163813
9,optdigits,class_entropy,100.0,2.302518987533159
10,credit-approval,class_entropy,53.027,0.6870689028587588
11,credit-g,class_entropy,37.6025,0.6108643020548935
12,pendigits,class_entropy,100.0,2.301783568095163
13,diabetes,class_entropy,42.895,0.6467994206632901
14,spambase,class_entropy,47.722500000000004,0.6705230209876485
15,splice,class_entropy,65.1905,1.025975710501908
16,tic-tac-toe,class_entropy,42.632999999999996,0.6452881308007814
17,vehicle,class_entropy,75.626,1.385647492281233
18,electricity,class_entropy,50.900999999999996,0.6817167611525776
19,satimage,class_entropy,87.9105,1.7213352826911057
20,eucalyptus,class_entropy,81.9175,1.5679568836906919
21,sick,class_entropy,9.2185,0.2303678505246139
22,analcatdata_authorship,class_entropy,70.9645,1.238942395008713
23,analcatdata_dmft,class_entropy,90.592,1.7884993949883827
24,pc4,class_entropy,17.107,0.3710588214839124
25,pc3,class_entropy,14.606,0.3302534201072316
26,jm1,class_entropy,25.523,0.4912259288656543
27,kc2,class_entropy,26.8555,0.5072302867654668
28,kc1,class_entropy,20.989,0.4305645508080653
29,pc1,class_entropy,10.3095,0.25216701728943836
30,adult,class_entropy,30.7595,0.5502506190603338
31,wdbc,class_entropy,45.43,0.6603163491952275
32,phoneme,class_entropy,36.897000000000006,0.6052438200564556
33,qsar-biodeg,class_entropy,41.621,0.6393233359530519
34,wall-robot-navigation,class_entropy,69.5445,1.1884928509974293
35,semeion,class_entropy,100.0,2.3025098136054676
36,ilpd,class_entropy,36.13275,0.5989418433963181
37,madelon,class_entropy,58.616749999999996,0.6931471805599453
38,nomao,class_entropy,36.0385,0.5981860118239618
39,ozone-level-8hr,class_entropy,9.461,0.23552477528910556
40,first-order-theorem-proving,class_entropy,82.87299999999999,1.594243407567355
41,banknote-authentication,class_entropy,52.99374999999999,0.6869976659350199
42,blood-transfusion-service-center,class_entropy,30.613,0.5487262431826446
43,PhishingWebsites,class_entropy,52.835,0.6866481790434553
44,cylinder-bands,class_entropy,50.6585,0.6809991432654108
45,bank-marketing,class_entropy,16.461000000000002,0.36087406312356396
46,GesturePhaseSegmentationProcessed,class_entropy,80.1635,1.5203654784742309
47,dresses-sales,class_entropy,50.42275000000001,0.6802920001921535
48,connect-4,class_entropy,60.9835,0.8445612702888777
49,MiceProtein,class_entropy,99.148,2.0746080789688612
50,steel-plates-fault,class_entropy,85.8425,1.6709632832639503
51,climate-model-simulation-crashes,class_entropy,12.421,0.29125423265214945
52,wilt,class_entropy,8.222,0.2099475693852791
53,car,class_entropy,60.8105,0.8357559538495527
54,segment,class_entropy,96.2645,1.945910149055313
55,mfeat-pixel,class_entropy,100.0,2.3025850929940455
56,jungle_chess_2pcs_raw_endgame_complete,class_entropy,62.806,0.935131161245172
57,numerai28.6,class_entropy,58.140499999999996,0.6930937163106431
58,dna,class_entropy,65.183,1.025715843344658
59,churn,class_entropy,19.411,0.4074967740808543
0,kr-vs-kp,class_entropy_norm,97.7745,0.9985755386554581
1,balance-scale,class_entropy_norm,56.855500000000006,0.8316387585459218
2,mfeat-factors,class_entropy_norm,99.9955,0.9999999999999998
3,mfeat-fourier,class_entropy_norm,99.9955,0.9999999999999998
4,breast-w,class_entropy_norm,80.986,0.9293179372497983
5,mfeat-karhunen,class_entropy_norm,99.9955,0.9999999999999998
6,mfeat-morphological,class_entropy_norm,99.9955,0.9999999999999998
7,mfeat-zernike,class_entropy_norm,99.9955,0.9999999999999998
8,cmc,class_entropy_norm,89.281,0.9710227103477138
9,optdigits,class_entropy_norm,99.70649999999999,0.9999712907631131
10,credit-approval,class_entropy_norm,94.32249999999999,0.9912308989033523
11,credit-g,class_entropy_norm,69.7075,0.8812908992306927
12,pendigits,class_entropy_norm,98.9345,0.999651902159307
13,diabetes,class_entropy_norm,81.7645,0.9331343166407832
14,spambase,class_entropy_norm,88.5235,0.9673602371807668
15,splice,class_entropy_norm,81.913,0.9338833372651767
16,tic-tac-toe,class_entropy_norm,81.3195,0.9309539862507962
17,vehicle,class_entropy_norm,98.746,0.9995333827671815
18,electricity,class_entropy_norm,92.10300000000001,0.9835093906057097
19,satimage,class_entropy_norm,87.1745,0.9606955131275013
20,eucalyptus,class_entropy_norm,89.9815,0.9742263877202489
21,sick,class_entropy_norm,9.866,0.33235055553211046
22,analcatdata_authorship,class_entropy_norm,72.8395,0.8937080246130829
23,analcatdata_dmft,class_entropy_norm,97.453,0.9981805179234929
24,pc4,class_entropy_norm,19.543,0.5353247216329435
25,pc3,class_entropy_norm,16.226499999999998,0.4764549714253225
26,jm1,class_entropy_norm,34.3155,0.7086892115305542
27,kc2,class_entropy_norm,37.445499999999996,0.7317786193052257
28,kc1,class_entropy_norm,25.459,0.6211733422333799
29,pc1,class_entropy_norm,11.1235,0.36380010531923423
30,adult,class_entropy_norm,48.1995,0.7938438393644257
31,wdbc,class_entropy_norm,85.604,0.9526351224018599
32,phoneme,class_entropy_norm,67.60199999999999,0.8731822577241407
33,qsar-biodeg,class_entropy_norm,79.4725,0.9223486063040568
34,wall-robot-navigation,class_entropy_norm,63.3925,0.8573163711329885
35,semeion,class_entropy_norm,99.682,0.9999673065769393
36,ilpd,class_entropy_norm,65.18675,0.8640904272487623
37,madelon,class_entropy_norm,99.99775,1.0
38,nomao,class_entropy_norm,64.908,0.8629999927875766
39,ozone-level-8hr,class_entropy_norm,10.144499999999999,0.33979042531608006
40,first-order-theorem-proving,class_entropy_norm,71.8345,0.889764187072612
41,banknote-authentication,class_entropy_norm,94.28824999999999,0.9911281257467459
42,blood-transfusion-service-center,class_entropy_norm,47.756,0.7916446298452328
43,PhishingWebsites,class_entropy_norm,94.124,0.9906239227414301
44,cylinder-bands,class_entropy_norm,91.8435,0.9824740868386409
45,bank-marketing,class_entropy_norm,18.659,0.5206312212538164
46,GesturePhaseSegmentationProcessed,class_entropy_norm,84.0795,0.9446561850744792
47,dresses-sales,class_entropy_norm,91.58975000000001,0.9814538950336537
48,connect-4,class_entropy_norm,43.402499999999996,0.7687527975067274
49,MiceProtein,class_entropy_norm,97.113,0.9976755957721851
50,steel-plates-fault,class_entropy_norm,63.7925,0.8587052614300602
51,climate-model-simulation-crashes,class_entropy_norm,13.569500000000001,0.4201910370851764
52,wilt,class_entropy_norm,8.753,0.3028903171988337
53,car,class_entropy_norm,24.0075,0.6028704850060875
54,segment,class_entropy_norm,99.9955,0.9999999999999999
55,mfeat-pixel,class_entropy_norm,99.9955,0.9999999999999998
56,jungle_chess_2pcs_raw_endgame_complete,class_entropy_norm,61.7825,0.8511930650064617
57,numerai28.6,class_entropy_norm,99.5205,0.9999228673926669
58,dna,class_entropy_norm,81.874,0.9336467959849357
59,churn,class_entropy_norm,22.8935,0.5878935751446988
0,kr-vs-kp,max_class_fraction,34.168,0.522215269086358
1,balance-scale,max_class_fraction,27.14125,0.4608
2,mfeat-factors,max_class_fraction,0.0,0.1
3,mfeat-fourier,max_class_fraction,0.0,0.1
4,breast-w,max_class_fraction,54.022000000000006,0.6552217453505007
5,mfeat-karhunen,max_class_fraction,0.0,0.1
6,mfeat-morphological,max_class_fraction,0.0,0.1
7,mfeat-zernike,max_class_fraction,0.0,0.1
8,cmc,max_class_fraction,24.0525,0.4270196877121521
9,optdigits,max_class_fraction,0.0,0.10177935943060498
10,credit-approval,max_class_fraction,39.48125,0.5550724637681159
11,credit-g,max_class_fraction,59.97,0.7
12,pendigits,max_class_fraction,0.0,0.10407569141193596
13,diabetes,max_class_fraction,53.459,0.6510416666666666
14,spambase,max_class_fraction,47.127,0.6059552271245382
15,splice,max_class_fraction,33.6145,0.5188087774294671
16,tic-tac-toe,max_class_fraction,53.789,0.6534446764091858
17,vehicle,max_class_fraction,4.6215,0.2576832151300236
18,electricity,max_class_fraction,42.6475,0.5754546257062146
19,satimage,max_class_fraction,2.8665,0.23810264385692068
20,eucalyptus,max_class_fraction,8.275,0.2907608695652174
21,sick,max_class_fraction,90.69,0.9387592788971368
22,analcatdata_authorship,max_class_fraction,18.836,0.3769322235434007
23,analcatdata_dmft,max_class_fraction,0.5005,0.1944792973651192
24,pc4,max_class_fraction,82.58250000000001,0.877914951989026
25,pc3,max_class_fraction,85.1475,0.8976327575175944
26,jm1,max_class_fraction,73.64349999999999,0.8065227377124483
27,kc2,max_class_fraction,72.2105,0.7950191570881227
28,kc1,max_class_fraction,78.519,0.8454243717401612
29,pc1,max_class_fraction,89.575,0.9305680793507665
30,adult,max_class_fraction,67.849,0.7607182343065395
31,wdbc,max_class_fraction,50.18,0.6274165202108963
32,phoneme,max_class_fraction,60.8,0.7065136935603257
33,qsar-biodeg,max_class_fraction,55.0295,0.6625592417061611
34,wall-robot-navigation,max_class_fraction,21.788,0.4041422287390029
35,semeion,max_class_fraction,0.0,0.1016949152542373
36,ilpd,max_class_fraction,61.688750000000006,0.7135506003430532
37,madelon,max_class_fraction,30.39925,0.5
38,nomao,max_class_fraction,61.800999999999995,0.7143769041056144
39,ozone-level-8hr,max_class_fraction,90.441,0.9368587213891081
40,first-order-theorem-proving,max_class_fraction,23.1405,0.41745668519123896
41,banknote-authentication,max_class_fraction,39.53025,0.5553935860058309
42,blood-transfusion-service-center,max_class_fraction,68.0195,0.7620320855614974
43,PhishingWebsites,max_class_fraction,39.769,0.5569425599276345
44,cylinder-bands,max_class_fraction,43.0035,0.5777777777777777
45,bank-marketing,max_class_fraction,83.2465,0.8830151954170445
46,GesturePhaseSegmentationProcessed,max_class_fraction,9.267,0.2987946925959688
47,dresses-sales,max_class_fraction,43.334,0.58
48,connect-4,max_class_fraction,54.449999999999996,0.6583033586452921
49,MiceProtein,max_class_fraction,0.0015,0.1388888888888889
50,steel-plates-fault,max_class_fraction,15.301,0.3467284904688305
51,climate-model-simulation-crashes,max_class_fraction,87.41375000000001,0.9148148148148149
52,wilt,max_class_fraction,91.69800000000001,0.9460632362058277
53,car,max_class_fraction,59.9995,0.7002314814814815
54,segment,max_class_fraction,0.002,0.14285714285714285
55,mfeat-pixel,max_class_fraction,0.0,0.1
56,jungle_chess_2pcs_raw_endgame_complete,max_class_fraction,32.899,0.5145585577545237
57,numerai28.6,max_class_fraction,31.263,0.5051702657807309
58,dna,max_class_fraction,33.664500000000004,0.5191462649089768
59,churn,max_class_fraction,80.18674999999999,0.8586
0,kr-vs-kp,overall_missing_rate,49.99975,0.0
1,balance-scale,overall_missing_rate,49.99975,0.0
2,mfeat-factors,overall_missing_rate,49.99975,0.0
3,mfeat-fourier,overall_missing_rate,49.99975,0.0
4,breast-w,overall_missing_rate,99.9995,0.002543315848036878
5,mfeat-karhunen,overall_missing_rate,49.99975,0.0
6,mfeat-morphological,overall_missing_rate,49.99975,0.0
7,mfeat-zernike,overall_missing_rate,49.99975,0.0
8,cmc,overall_missing_rate,49.99975,0.0
9,optdigits,overall_missing_rate,49.99975,0.0
10,credit-approval,overall_missing_rate,99.9995,0.006473429951690821
11,credit-g,overall_missing_rate,49.99975,0.0
12,pendigits,overall_missing_rate,49.99975,0.0
13,diabetes,overall_missing_rate,49.99975,0.0
14,spambase,overall_missing_rate,49.99975,0.0
15,splice,overall_missing_rate,49.99975,0.0
16,tic-tac-toe,overall_missing_rate,49.99975,0.0
17,vehicle,overall_missing_rate,49.99975,0.0
18,electricity,overall_missing_rate,49.99975,0.0
19,satimage,overall_missing_rate,49.99975,0.0
20,eucalyptus,overall_missing_rate,99.9995,0.032036613272311214
21,sick,overall_missing_rate,99.9995,0.05543569678575346
22,analcatdata_authorship,overall_missing_rate,49.99975,0.0
23,analcatdata_dmft,overall_missing_rate,49.99975,0.0
24,pc4,overall_missing_rate,49.99975,0.0
25,pc3,overall_missing_rate,49.99975,0.0
26,jm1,overall_missing_rate,99.9995,0.0001093685062449417
27,kc2,overall_missing_rate,49.99975,0.0
28,kc1,overall_missing_rate,49.99975,0.0
29,pc1,overall_missing_rate,49.99975,0.0
30,adult,overall_missing_rate,99.9995,0.009454684785342825
31,wdbc,overall_missing_rate,49.99975,0.0
32,phoneme,overall_missing_rate,49.99975,0.0
33,qsar-biodeg,overall_missing_rate,49.99975,0.0
34,wall-robot-navigation,overall_missing_rate,49.99975,0.0
35,semeion,overall_missing_rate,49.99975,0.0
36,ilpd,overall_missing_rate,49.99975,0.0
37,madelon,overall_missing_rate,49.99975,0.0
38,nomao,overall_missing_rate,49.99975,0.0
39,ozone-level-8hr,overall_missing_rate,49.99975,0.0
40,first-order-theorem-proving,overall_missing_rate,49.99975,0.0
41,banknote-authentication,overall_missing_rate,49.99975,0.0
42,blood-transfusion-service-center,overall_missing_rate,49.99975,0.0
43,PhishingWebsites,overall_missing_rate,49.99975,0.0
44,cylinder-bands,overall_missing_rate,99.9995,0.05
45,bank-marketing,overall_missing_rate,49.99975,0.0
46,GesturePhaseSegmentationProcessed,overall_missing_rate,49.99975,0.0
47,dresses-sales,overall_missing_rate,99.9995,0.13916666666666666
48,connect-4,overall_missing_rate,49.99975,0.0
49,MiceProtein,overall_missing_rate,99.9995,0.016786916786916788
50,steel-plates-fault,overall_missing_rate,49.99975,0.0
51,climate-model-simulation-crashes,overall_missing_rate,49.99975,0.0
52,wilt,overall_missing_rate,49.99975,0.0
53,car,overall_missing_rate,49.99975,0.0
54,segment,overall_missing_rate,49.99975,0.0
55,mfeat-pixel,overall_missing_rate,49.99975,0.0
56,jungle_chess_2pcs_raw_endgame_complete,overall_missing_rate,49.99975,0.0
57,numerai28.6,overall_missing_rate,49.99975,0.0
58,dna,overall_missing_rate,49.99975,0.0
59,churn,overall_missing_rate,49.99975,0.0
0,kr-vs-kp,frac_cols_any_missing,49.99975,0.0
1,balance-scale,frac_cols_any_missing,49.99975,0.0
2,mfeat-factors,frac_cols_any_missing,49.99975,0.0
3,mfeat-fourier,frac_cols_any_missing,49.99975,0.0
4,breast-w,frac_cols_any_missing,99.9995,0.1111111111111111
5,mfeat-karhunen,frac_cols_any_missing,49.99975,0.0
6,mfeat-morphological,frac_cols_any_missing,49.99975,0.0
7,mfeat-zernike,frac_cols_any_missing,49.99975,0.0
8,cmc,frac_cols_any_missing,49.99975,0.0
9,optdigits,frac_cols_any_missing,49.99975,0.0
10,credit-approval,frac_cols_any_missing,99.9995,0.4666666666666667
11,credit-g,frac_cols_any_missing,49.99975,0.0
12,pendigits,frac_cols_any_missing,49.99975,0.0
13,diabetes,frac_cols_any_missing,49.99975,0.0
14,spambase,frac_cols_any_missing,49.99975,0.0
15,splice,frac_cols_any_missing,49.99975,0.0
16,tic-tac-toe,frac_cols_any_missing,49.99975,0.0
17,vehicle,frac_cols_any_missing,49.99975,0.0
18,electricity,frac_cols_any_missing,49.99975,0.0
19,satimage,frac_cols_any_missing,49.99975,0.0
20,eucalyptus,frac_cols_any_missing,99.9995,0.47368421052631576
21,sick,frac_cols_any_missing,99.9995,0.27586206896551724
22,analcatdata_authorship,frac_cols_any_missing,49.99975,0.0
23,analcatdata_dmft,frac_cols_any_missing,49.99975,0.0
24,pc4,frac_cols_any_missing,49.99975,0.0
25,pc3,frac_cols_any_missing,49.99975,0.0
26,jm1,frac_cols_any_missing,99.9995,0.23809523809523808
27,kc2,frac_cols_any_missing,49.99975,0.0
28,kc1,frac_cols_any_missing,49.99975,0.0
29,pc1,frac_cols_any_missing,49.99975,0.0
30,adult,frac_cols_any_missing,99.9995,0.21428571428571427
31,wdbc,frac_cols_any_missing,49.99975,0.0
32,phoneme,frac_cols_any_missing,49.99975,0.0
33,qsar-biodeg,frac_cols_any_missing,49.99975,0.0
34,wall-robot-navigation,frac_cols_any_missing,49.99975,0.0
35,semeion,frac_cols_any_missing,49.99975,0.0
36,ilpd,frac_cols_any_missing,49.99975,0.0
37,madelon,frac_cols_any_missing,49.99975,0.0
38,nomao,frac_cols_any_missing,49.99975,0.0
39,ozone-level-8hr,frac_cols_any_missing,49.99975,0.0
40,first-order-theorem-proving,frac_cols_any_missing,49.99975,0.0
41,banknote-authentication,frac_cols_any_missing,49.99975,0.0
42,blood-transfusion-service-center,frac_cols_any_missing,49.99975,0.0
43,PhishingWebsites,frac_cols_any_missing,49.99975,0.0
44,cylinder-bands,frac_cols_any_missing,99.9995,0.7567567567567568
45,bank-marketing,frac_cols_any_missing,49.99975,0.0
46,GesturePhaseSegmentationProcessed,frac_cols_any_missing,49.99975,0.0
47,dresses-sales,frac_cols_any_missing,99.9995,0.75
48,connect-4,frac_cols_any_missing,49.99975,0.0
49,MiceProtein,frac_cols_any_missing,99.9995,0.6363636363636364
50,steel-plates-fault,frac_cols_any_missing,49.99975,0.0
51,climate-model-simulation-crashes,frac_cols_any_missing,49.99975,0.0
52,wilt,frac_cols_any_missing,49.99975,0.0
53,car,frac_cols_any_missing,49.99975,0.0
54,segment,frac_cols_any_missing,49.99975,0.0
55,mfeat-pixel,frac_cols_any_missing,49.99975,0.0
56,jungle_chess_2pcs_raw_endgame_complete,frac_cols_any_missing,49.99975,0.0
57,numerai28.6,frac_cols_any_missing,49.99975,0.0
58,dna,frac_cols_any_missing,49.99975,0.0
59,churn,frac_cols_any_missing,49.99975,0.0
0,kr-vs-kp,unique_ratio_mean,0.034499999999999996,0.0006414267834793491
1,balance-scale,unique_ratio_mean,1.3405,0.008
2,mfeat-factors,unique_ratio_mean,3.341,0.11574999999999999
3,mfeat-fourier,unique_ratio_mean,43.5805,0.996975
4,breast-w,unique_ratio_mean,1.374,0.014147194404705136
5,mfeat-karhunen,unique_ratio_mean,43.6065,0.9970000000000001
6,mfeat-morphological,unique_ratio_mean,13.275,0.45891666666666664
7,mfeat-zernike,unique_ratio_mean,43.303999999999995,0.996725
8,cmc,unique_ratio_mean,1.2515,0.0053556611601418115
9,optdigits,unique_ratio_mean,0.9435000000000001,0.0024999999999999996
10,credit-approval,unique_ratio_mean,3.3285,0.11294685990338166
11,credit-g,unique_ratio_mean,2.0985,0.053750000000000006
12,pendigits,unique_ratio_mean,1.355,0.009143013100436682
13,diabetes,unique_ratio_mean,5.4735,0.2041015625
14,spambase,unique_ratio_mean,1.38,0.036731145403173224
15,splice,unique_ratio_mean,0.587,0.0015203761755485895
16,tic-tac-toe,unique_ratio_mean,1.068,0.003131524008350731
17,vehicle,unique_ratio_mean,2.3785,0.09390596270028893
18,electricity,unique_ratio_mean,1.9105,0.052041953566384185
19,satimage,unique_ratio_mean,1.37,0.011757387247278381
20,eucalyptus,unique_ratio_mean,3.293,0.10848112128146453
21,sick,unique_ratio_mean,1.3745,0.014594379639448568
22,analcatdata_authorship,unique_ratio_mean,1.379,0.03347205707491081
23,analcatdata_dmft,unique_ratio_mean,1.3034999999999999,0.006587202007528231
24,pc4,unique_ratio_mean,2.1784999999999997,0.05562414266117969
25,pc3,unique_ratio_mean,5.680000000000001,0.23861164427383236
26,jm1,unique_ratio_mean,3.4105000000000003,0.13045934772622877
27,kc2,unique_ratio_mean,5.6985,0.2466475095785441
28,kc1,unique_ratio_mean,3.367,0.12520151730678047
29,pc1,unique_ratio_mean,5.6735,0.23656447249774573
30,adult,unique_ratio_mean,1.384,0.04245467893557652
31,wdbc,unique_ratio_mean,34.623,0.9137961335676625
32,phoneme,unique_ratio_mean,37.2035,0.9545151739452258
33,qsar-biodeg,unique_ratio_mean,4.421,0.16606635071090042
34,wall-robot-navigation,unique_ratio_mean,6.927999999999999,0.2901484604105572
35,semeion,unique_ratio_mean,0.4235,0.0012554927809165096
36,ilpd,unique_ratio_mean,4.4955,0.17615780445969126
37,madelon,unique_ratio_mean,1.58,0.051076923076923075
38,nomao,unique_ratio_mean,1.3715,0.012895691281009721
39,ozone-level-8hr,unique_ratio_mean,3.4290000000000003,0.14064719810576162
40,first-order-theorem-proving,unique_ratio_mean,5.5975,0.21706440013076173
41,banknote-authentication,unique_ratio_mean,34.631499999999996,0.9147230320699709
42,blood-transfusion-service-center,unique_ratio_mean,2.2345,0.05848930481283423
43,PhishingWebsites,unique_ratio_mean,0.0,0.0002125734961555857
44,cylinder-bands,unique_ratio_mean,2.2885,0.06842592592592592
45,bank-marketing,unique_ratio_mean,1.3724999999999998,0.013189544579858884
46,GesturePhaseSegmentationProcessed,unique_ratio_mean,37.6525,0.9693862048009724
47,dresses-sales,unique_ratio_mean,1.3775000000000002,0.028666666666666663
48,connect-4,unique_ratio_mean,0.0,4.440694524623651e-05
49,MiceProtein,unique_ratio_mean,37.267,0.9575462962962964
50,steel-plates-fault,unique_ratio_mean,9.171999999999999,0.35141679546625454
51,climate-model-simulation-crashes,unique_ratio_mean,98.27775,1.0
52,wilt,unique_ratio_mean,34.9555,0.9342426121099402
53,car,unique_ratio_mean,0.8095,0.0020254629629629633
54,segment,unique_ratio_mean,8.1445,0.33111471861471864
55,mfeat-pixel,unique_ratio_mean,1.121,0.0035000000000000005
56,jungle_chess_2pcs_raw_endgame_complete,unique_ratio_mean,0.0,0.00015618376135121266
57,numerai28.6,unique_ratio_mean,1.3625,0.010389846345514951
58,dna,unique_ratio_mean,0.0315,0.0006277463904582548
59,churn,unique_ratio_mean,4.421,0.16415999999999994
0,kr-vs-kp,unique_ratio_min,20.1865,0.0006257822277847309
1,balance-scale,unique_ratio_min,35.7925,0.008
2,mfeat-factors,unique_ratio_min,35.847,0.009
3,mfeat-fourier,unique_ratio_min,51.0645,0.9965
4,breast-w,unique_ratio_min,35.958,0.012875536480686695
5,mfeat-karhunen,unique_ratio_min,51.98500000000001,0.997
6,mfeat-morphological,unique_ratio_min,30.508499999999998,0.0015
7,mfeat-zernike,unique_ratio_min,47.6785,0.9935
8,cmc,unique_ratio_min,29.618499999999997,0.0013577732518669382
9,optdigits,unique_ratio_min,10.37375,0.00035587188612099647
10,credit-approval,unique_ratio_min,34.2785,0.002898550724637681
11,credit-g,unique_ratio_min,32.714,0.002
12,pendigits,unique_ratio_min,35.83175,0.008733624454148471
13,diabetes,unique_ratio_min,36.022,0.022135416666666668
14,spambase,unique_ratio_min,36.0195,0.021517061508367748
15,splice,unique_ratio_min,28.81575,0.0012539184952978057
16,tic-tac-toe,unique_ratio_min,34.506750000000004,0.003131524008350731
17,vehicle,unique_ratio_min,35.991,0.015366430260047281
18,electricity,unique_ratio_min,0.0,0.00015448446327683617
19,satimage,unique_ratio_min,35.775,0.007776049766718507
20,eucalyptus,unique_ratio_min,34.04775,0.002717391304347826
21,sick,unique_ratio_min,17.560000000000002,0.0005302226935312832
22,analcatdata_authorship,unique_ratio_min,35.721000000000004,0.007134363852556481
23,analcatdata_dmft,unique_ratio_min,33.734249999999996,0.002509410288582183
24,pc4,unique_ratio_min,29.7115,0.0013717421124828531
25,pc3,unique_ratio_min,36.037,0.027511196417146513
26,jm1,unique_ratio_min,35.3995,0.005052824988516307
27,kc2,unique_ratio_min,35.991,0.01532567049808429
28,kc1,unique_ratio_min,35.54325,0.005689900426742532
29,pc1,unique_ratio_min,36.02,0.02164111812443643
30,adult,unique_ratio_min,0.0,4.0948364112853693e-05
31,wdbc,unique_ratio_min,37.2875,0.8014059753954306
32,phoneme,unique_ratio_min,37.420500000000004,0.8325314581791265
33,qsar-biodeg,unique_ratio_min,32.335750000000004,0.0018957345971563982
34,wall-robot-navigation,unique_ratio_min,36.22,0.1779692082111437
35,semeion,unique_ratio_min,28.829500000000003,0.0012554927809165098
36,ilpd,unique_ratio_min,34.71775,0.003430531732418525
37,madelon,unique_ratio_min,34.96225,0.0038461538461538464
38,nomao,unique_ratio_min,0.0,5.802988539097635e-05
39,ozone-level-8hr,unique_ratio_min,36.022,0.022099447513812154
40,first-order-theorem-proving,unique_ratio_min,34.91025,0.0037593984962406013
41,banknote-authentication,unique_ratio_min,37.4745,0.8425655976676385
42,blood-transfusion-service-center,unique_ratio_min,36.0605,0.04144385026737968
43,PhishingWebsites,unique_ratio_min,0.0,0.00018091361374943465
44,cylinder-bands,unique_ratio_min,32.177499999999995,0.001851851851851852
45,bank-marketing,unique_ratio_min,0.0,4.4237021963681406e-05
46,GesturePhaseSegmentationProcessed,unique_ratio_min,37.516,0.850298794692596
47,dresses-sales,unique_ratio_min,35.7925,0.008
48,connect-4,unique_ratio_min,0.0,4.440694524623651e-05
49,MiceProtein,unique_ratio_min,37.079499999999996,0.7361111111111112
50,steel-plates-fault,unique_ratio_min,26.747500000000002,0.0010303967027305513
51,climate-model-simulation-crashes,unique_ratio_min,98.27775,1.0
52,wilt,unique_ratio_min,37.55,0.8565819384170283
53,car,unique_ratio_min,31.698999999999998,0.001736111111111111
54,segment,unique_ratio_min,29.1685,0.0012987012987012987
55,mfeat-pixel,unique_ratio_min,34.758,0.0035
56,jungle_chess_2pcs_raw_endgame_complete,unique_ratio_min,0.0,0.00011155982953658047
57,numerai28.6,unique_ratio_min,35.899,0.010382059800664452
58,dna,unique_ratio_min,20.2265,0.0006277463904582549
59,churn,unique_ratio_min,12.416,0.0004
0,kr-vs-kp,unique_ratio_max,0.021,0.0009386733416770963
1,balance-scale,unique_ratio_max,0.96,0.008
2,mfeat-factors,unique_ratio_max,1.3820000000000001,0.2705
3,mfeat-fourier,unique_ratio_max,3.45475,0.997
4,breast-w,unique_ratio_max,1.2025,0.01430615164520744
5,mfeat-karhunen,unique_ratio_max,3.45475,0.997
6,mfeat-morphological,unique_ratio_max,1.5415,0.944
7,mfeat-zernike,unique_ratio_max,3.45475,0.997
8,cmc,unique_ratio_max,1.3125,0.02308214528173795
9,optdigits,unique_ratio_max,0.272,0.0030249110320284696
10,credit-approval,unique_ratio_max,1.3965,0.5057971014492754
11,credit-g,unique_ratio_max,1.5045,0.921
12,pendigits,unique_ratio_max,1.034,0.009188500727802038
13,diabetes,unique_ratio_max,1.4125,0.6731770833333334
14,spambase,unique_ratio_max,1.3745,0.06868072158226472
15,splice,unique_ratio_max,0.087,0.0018808777429467085
16,tic-tac-toe,unique_ratio_max,0.291,0.003131524008350731
17,vehicle,unique_ratio_max,1.3965,0.5011820330969267
18,electricity,unique_ratio_max,1.3765,0.11621645480225988
19,satimage,unique_ratio_max,1.2385,0.016174183514774496
20,eucalyptus,unique_ratio_max,1.4409999999999998,0.8192934782608695
21,sick,unique_ratio_max,1.3745,0.07608695652173914
22,analcatdata_authorship,unique_ratio_max,1.377,0.1629013079667063
23,analcatdata_dmft,unique_ratio_max,1.1280000000000001,0.011292346298619825
24,pc4,unique_ratio_max,1.3820000000000001,0.27023319615912206
25,pc3,unique_ratio_max,1.452,0.8502879078694817
26,jm1,unique_ratio_max,1.409,0.6410656867248508
27,kc2,unique_ratio_max,1.4085,0.632183908045977
28,kc1,unique_ratio_max,1.3915,0.45566619250829776
29,pc1,unique_ratio_max,1.435,0.8025247971145176
30,adult,unique_ratio_max,1.401,0.5839850947954629
31,wdbc,unique_ratio_max,1.6230000000000002,0.961335676625659
32,phoneme,unique_ratio_max,2.335,0.9874167283493709
33,qsar-biodeg,unique_ratio_max,1.417,0.7165876777251184
34,wall-robot-navigation,unique_ratio_max,1.387,0.3790322580645161
35,semeion,unique_ratio_max,0.034999999999999996,0.0012554927809165098
36,ilpd,unique_ratio_max,1.391,0.451114922813036
37,madelon,unique_ratio_max,1.3745,0.09153846153846154
38,nomao,unique_ratio_max,1.3795,0.19907152183374438
39,ozone-level-8hr,unique_ratio_max,1.4120000000000001,0.6661404893449092
40,first-order-theorem-proving,unique_ratio_max,1.4275,0.7639751552795031
41,banknote-authentication,unique_ratio_max,1.8579999999999999,0.9752186588921283
42,blood-transfusion-service-center,unique_ratio_max,1.3755,0.10427807486631016
43,PhishingWebsites,unique_ratio_max,0.0005,0.000271370420624152
44,cylinder-bands,unique_ratio_max,1.3795,0.22592592592592592
45,bank-marketing,unique_ratio_max,1.377,0.15854548671783417
46,GesturePhaseSegmentationProcessed,unique_ratio_max,3.3555,0.9966575508963841
47,dresses-sales,unique_ratio_max,1.3715,0.048
48,connect-4,unique_ratio_max,0.0,4.440694524623651e-05
49,MiceProtein,unique_ratio_max,55.345,1.0
50,steel-plates-fault,unique_ratio_max,5.104,0.9994848016486347
51,climate-model-simulation-crashes,unique_ratio_max,55.345,1.0
52,wilt,unique_ratio_max,2.716,0.992353792105807
53,car,unique_ratio_max,0.1545,0.0023148148148148147
54,segment,unique_ratio_max,1.4455,0.832034632034632
55,mfeat-pixel,unique_ratio_max,0.36525,0.0035
56,jungle_chess_2pcs_raw_endgame_complete,unique_ratio_max,0.0,0.00020080769316584485
57,numerai28.6,unique_ratio_max,1.0915,0.010392441860465116
58,dna,unique_ratio_max,0.009000000000000001,0.0006277463904582549
59,churn,unique_ratio_max,55.345,1.0
0,kr-vs-kp,numeric_abs_skew_mean,,
1,balance-scale,numeric_abs_skew_mean,0.0,0.0
2,mfeat-factors,numeric_abs_skew_mean,74.24849999999999,0.37556532237393514
3,mfeat-fourier,numeric_abs_skew_mean,83.953,0.5393255130638472
4,breast-w,numeric_abs_skew_mean,98.71,1.4743106618258197
5,mfeat-karhunen,numeric_abs_skew_mean,48.237,0.1026835216406941
6,mfeat-morphological,numeric_abs_skew_mean,84.4955,0.5520982676323151
7,mfeat-zernike,numeric_abs_skew_mean,84.53349999999999,0.5530169866734138
8,cmc,numeric_abs_skew_mean,89.5065,0.6770412261233887
9,optdigits,numeric_abs_skew_mean,99.937,5.829392142684798
10,credit-approval,numeric_abs_skew_mean,99.8895,4.414217895520884
11,credit-g,numeric_abs_skew_mean,97.2725,1.1483441381396233
12,pendigits,numeric_abs_skew_mean,82.492,0.5089253477797258
13,diabetes,numeric_abs_skew_mean,96.8435,1.0952490112596462
14,spambase,numeric_abs_skew_mean,99.9765,9.704396332317092
15,splice,numeric_abs_skew_mean,,
16,tic-tac-toe,numeric_abs_skew_mean,,
17,vehicle,numeric_abs_skew_mean,96.587,1.0648344677152162
18,electricity,numeric_abs_skew_mean,99.9915,12.692982952837301
19,satimage,numeric_abs_skew_mean,76.4875,0.40960392551694
20,eucalyptus,numeric_abs_skew_mean,99.7685,2.94355164154479
21,sick,numeric_abs_skew_mean,99.832,3.5676181991143046
22,analcatdata_authorship,numeric_abs_skew_mean,96.188,1.0240518185036582
23,analcatdata_dmft,numeric_abs_skew_mean,,
24,pc4,numeric_abs_skew_mean,99.9465,6.55883223546837
25,pc3,numeric_abs_skew_mean,99.9845,10.92532344107193
26,jm1,numeric_abs_skew_mean,99.995,16.150953781329058
27,kc2,numeric_abs_skew_mean,99.97,8.8353831502976
28,kc1,numeric_abs_skew_mean,99.8795,4.242700614538899
29,pc1,numeric_abs_skew_mean,99.965,7.9791648116354095
30,adult,numeric_abs_skew_mean,99.7985,3.1692717576973926
31,wdbc,numeric_abs_skew_mean,98.379,1.363805104727307
32,phoneme,numeric_abs_skew_mean,92.3165,0.7792488840623344
33,qsar-biodeg,numeric_abs_skew_mean,99.8595,3.9167533854526804
34,wall-robot-navigation,numeric_abs_skew_mean,99.0685,1.6594359664767897
35,semeion,numeric_abs_skew_mean,92.6715,0.7946583351835145
36,ilpd,numeric_abs_skew_mean,99.816,3.361854868678556
37,madelon,numeric_abs_skew_mean,39.900999999999996,0.050063843638646445
38,nomao,numeric_abs_skew_mean,99.9915,12.672671610793726
39,ozone-level-8hr,numeric_abs_skew_mean,89.9755,0.692675060367149
40,first-order-theorem-proving,numeric_abs_skew_mean,99.9735,9.42963076376189
41,banknote-authentication,numeric_abs_skew_mean,89.0335,0.66284998658352
42,blood-transfusion-service-center,numeric_abs_skew_mean,99.58500000000001,2.258570337939212
43,PhishingWebsites,numeric_abs_skew_mean,,
44,cylinder-bands,numeric_abs_skew_mean,98.89,1.5456654716796692
45,bank-marketing,numeric_abs_skew_mean,99.97,8.80589975293261
46,GesturePhaseSegmentationProcessed,numeric_abs_skew_mean,99.0675,1.6589594127131666
47,dresses-sales,numeric_abs_skew_mean,97.366,1.161267747185445
48,connect-4,numeric_abs_skew_mean,,
49,MiceProtein,numeric_abs_skew_mean,94.284,0.8793027198859376
50,steel-plates-fault,numeric_abs_skew_mean,99.9095,4.943708193613238
51,climate-model-simulation-crashes,numeric_abs_skew_mean,0.0,0.0005682367662410584
52,wilt,numeric_abs_skew_mean,99.839,3.6726034514825656
53,car,numeric_abs_skew_mean,,
54,segment,numeric_abs_skew_mean,99.856,3.8344104148010736
55,mfeat-pixel,numeric_abs_skew_mean,93.048,0.8121583783332749
56,jungle_chess_2pcs_raw_endgame_complete,numeric_abs_skew_mean,60.114999999999995,0.20976488390345874
57,numerai28.6,numeric_abs_skew_mean,30.820999999999998,0.030691459292904406
58,dna,numeric_abs_skew_mean,,
59,churn,numeric_abs_skew_mean,60.9595,0.21805848701030342
0,kr-vs-kp,numeric_kurtosis_mean,,
1,balance-scale,numeric_kurtosis_mean,0.098,-1.300000000000425
2,mfeat-factors,numeric_kurtosis_mean,32.6265,-0.3338548793175823
3,mfeat-fourier,numeric_kurtosis_mean,60.853500000000004,-9.715142377638707e-05
4,breast-w,numeric_kurtosis_mean,92.482,1.6635137029082674
5,mfeat-karhunen,numeric_kurtosis_mean,51.723,-0.02133387903977204
6,mfeat-morphological,numeric_kurtosis_mean,27.069,-0.5378957691972791
7,mfeat-zernike,numeric_kurtosis_mean,75.2145,0.21277855913370627
8,cmc,numeric_kurtosis_mean,77.351,0.28779233807036797
9,optdigits,numeric_kurtosis_mean,99.8795,142.48214954116006
10,credit-approval,numeric_kurtosis_mean,99.6485,49.56140280887896
11,credit-g,numeric_kurtosis_mean,87.428,0.9136685974580411
12,pendigits,numeric_kurtosis_mean,27.9055,-0.5013608538901575
13,diabetes,numeric_kurtosis_mean,95.464,2.7495241963315067
14,spambase,numeric_kurtosis_mean,99.917,195.90386971449965
15,splice,numeric_kurtosis_mean,,
16,tic-tac-toe,numeric_kurtosis_mean,,
17,vehicle,numeric_kurtosis_mean,97.6145,5.115651135404609
18,electricity,numeric_kurtosis_mean,99.996,1028.964272214463
19,satimage,numeric_kurtosis_mean,37.8685,-0.20441970646233587
20,eucalyptus,numeric_kurtosis_mean,99.7155,62.43068319817449
21,sick,numeric_kurtosis_mean,99.65899999999999,51.33658738368805
22,analcatdata_authorship,numeric_kurtosis_mean,93.207,1.8442502924702633
23,analcatdata_dmft,numeric_kurtosis_mean,,
24,pc4,numeric_kurtosis_mean,99.82799999999999,102.75019579848303
25,pc3,numeric_kurtosis_mean,99.947,272.4472598589185
26,jm1,numeric_kurtosis_mean,99.9865,607.4209603043952
27,kc2,numeric_kurtosis_mean,99.859,127.20949912243898
28,kc1,numeric_kurtosis_mean,99.50949999999999,32.54681061436304
29,pc1,numeric_kurtosis_mean,99.8445,115.90521451870146
30,adult,numeric_kurtosis_mean,99.482,30.356406983997115
31,wdbc,numeric_kurtosis_mean,97.47749999999999,4.870458802853267
32,phoneme,numeric_kurtosis_mean,78.544,0.338324637231599
33,qsar-biodeg,numeric_kurtosis_mean,99.5145,32.92501729869831
34,wall-robot-navigation,numeric_kurtosis_mean,95.785,2.95023963358487
35,semeion,numeric_kurtosis_mean,20.4865,-1.1129953602570026
36,ilpd,numeric_kurtosis_mean,99.4715,29.774769582174468
37,madelon,numeric_kurtosis_mean,70.402,0.06933950710112866
38,nomao,numeric_kurtosis_mean,99.98899999999999,663.2170256221444
39,ozone-level-8hr,numeric_kurtosis_mean,78.51050000000001,0.33678185101354324
40,first-order-theorem-proving,numeric_kurtosis_mean,99.952,290.0593461048628
41,banknote-authentication,numeric_kurtosis_mean,72.8755,0.13989755944384397
42,blood-transfusion-service-center,numeric_kurtosis_mean,98.783,10.148276743801548
43,PhishingWebsites,numeric_kurtosis_mean,,
44,cylinder-bands,numeric_kurtosis_mean,98.795,10.25200010799105
45,bank-marketing,numeric_kurtosis_mean,99.98949999999999,672.9555290640423
46,GesturePhaseSegmentationProcessed,numeric_kurtosis_mean,99.591,40.74344606269562
47,dresses-sales,numeric_kurtosis_mean,26.1055,-0.588260550720753
48,connect-4,numeric_kurtosis_mean,,
49,MiceProtein,numeric_kurtosis_mean,97.0855,4.209562349477823
50,steel-plates-fault,numeric_kurtosis_mean,99.884,146.8928323961391
51,climate-model-simulation-crashes,numeric_kurtosis_mean,9.0045,-1.2000139604062456
52,wilt,numeric_kurtosis_mean,99.64150000000001,47.95708849452926
53,car,numeric_kurtosis_mean,,
54,segment,numeric_kurtosis_mean,99.61149999999999,43.35813217111747
55,mfeat-pixel,numeric_kurtosis_mean,23.419,-0.7677520053135247
56,jungle_chess_2pcs_raw_endgame_complete,numeric_kurtosis_mean,0.06849999999999999,-1.3344627892706342
57,numerai28.6,numeric_kurtosis_mean,11.98,-1.1984971146998045
58,dna,numeric_kurtosis_mean,,
59,churn,numeric_kurtosis_mean,74.2875,0.18338531584201861
0,kr-vs-kp,numeric_heavy_tail_frac,,
1,balance-scale,numeric_heavy_tail_frac,30.812250000000002,0.0
2,mfeat-factors,numeric_heavy_tail_frac,66.43975,0.05
3,mfeat-fourier,numeric_heavy_tail_frac,66.43975,0.05
4,breast-w,numeric_heavy_tail_frac,87.551,0.2222222222222222
5,mfeat-karhunen,numeric_heavy_tail_frac,30.812250000000002,0.0
6,mfeat-morphological,numeric_heavy_tail_frac,30.812250000000002,0.0
7,mfeat-zernike,numeric_heavy_tail_frac,86.00525,0.2
8,cmc,numeric_heavy_tail_frac,94.2825,0.5
9,optdigits,numeric_heavy_tail_frac,93.93975,0.47368421052631576
10,credit-approval,numeric_heavy_tail_frac,99.13374999999999,1.0
11,credit-g,numeric_heavy_tail_frac,93.2765,0.42857142857142855
12,pendigits,numeric_heavy_tail_frac,79.52525,0.125
13,diabetes,numeric_heavy_tail_frac,94.2825,0.5
14,spambase,numeric_heavy_tail_frac,99.13374999999999,1.0
15,splice,numeric_heavy_tail_frac,,
16,tic-tac-toe,numeric_heavy_tail_frac,,
17,vehicle,numeric_heavy_tail_frac,84.28825,0.16666666666666666
18,electricity,numeric_heavy_tail_frac,89.8415,0.2857142857142857
19,satimage,numeric_heavy_tail_frac,88.6815,0.25
20,eucalyptus,numeric_heavy_tail_frac,89.8415,0.2857142857142857
21,sick,numeric_heavy_tail_frac,99.13374999999999,1.0
22,analcatdata_authorship,numeric_heavy_tail_frac,95.81524999999999,0.65
23,analcatdata_dmft,numeric_heavy_tail_frac,,
24,pc4,numeric_heavy_tail_frac,97.7,0.9
25,pc3,numeric_heavy_tail_frac,97.34925,0.85
26,jm1,numeric_heavy_tail_frac,99.13374999999999,1.0
27,kc2,numeric_heavy_tail_frac,99.13374999999999,1.0
28,kc1,numeric_heavy_tail_frac,99.13374999999999,1.0
29,pc1,numeric_heavy_tail_frac,99.13374999999999,1.0
30,adult,numeric_heavy_tail_frac,96.01875,0.6666666666666666
31,wdbc,numeric_heavy_tail_frac,96.24825,0.7
32,phoneme,numeric_heavy_tail_frac,92.848,0.4
33,qsar-biodeg,numeric_heavy_tail_frac,98.09025,0.95
34,wall-robot-navigation,numeric_heavy_tail_frac,93.61725,0.45
35,semeion,numeric_heavy_tail_frac,66.43975,0.05
36,ilpd,numeric_heavy_tail_frac,96.01875,0.6666666666666666
37,madelon,numeric_heavy_tail_frac,30.812250000000002,0.0
38,nomao,numeric_heavy_tail_frac,97.7,0.9
39,ozone-level-8hr,numeric_heavy_tail_frac,88.6815,0.25
40,first-order-theorem-proving,numeric_heavy_tail_frac,96.64375,0.75
41,banknote-authentication,numeric_heavy_tail_frac,88.6815,0.25
42,blood-transfusion-service-center,numeric_heavy_tail_frac,96.64375,0.75
43,PhishingWebsites,numeric_heavy_tail_frac,,
44,cylinder-bands,numeric_heavy_tail_frac,95.1045,0.5555555555555556
45,bank-marketing,numeric_heavy_tail_frac,96.43025,0.7142857142857143
46,GesturePhaseSegmentationProcessed,numeric_heavy_tail_frac,99.13374999999999,1.0
47,dresses-sales,numeric_heavy_tail_frac,30.812250000000002,0.0
48,connect-4,numeric_heavy_tail_frac,,
49,MiceProtein,numeric_heavy_tail_frac,94.2825,0.5
50,steel-plates-fault,numeric_heavy_tail_frac,92.848,0.4
51,climate-model-simulation-crashes,numeric_heavy_tail_frac,30.812250000000002,0.0
52,wilt,numeric_heavy_tail_frac,97.00625000000001,0.8
53,car,numeric_heavy_tail_frac,,
54,segment,numeric_heavy_tail_frac,93.30375,0.4375
55,mfeat-pixel,numeric_heavy_tail_frac,81.9765,0.15
56,jungle_chess_2pcs_raw_endgame_complete,numeric_heavy_tail_frac,30.812250000000002,0.0
57,numerai28.6,numeric_heavy_tail_frac,30.812250000000002,0.0
58,dna,numeric_heavy_tail_frac,,
59,churn,numeric_heavy_tail_frac,71.67125,0.0625
0,kr-vs-kp,mean_abs_corr,,
1,balance-scale,mean_abs_corr,0.17900089500447502,0.014929206008142314
2,mfeat-factors,mean_abs_corr,93.08496542482713,0.2667647956262541
3,mfeat-fourier,mean_abs_corr,83.93241966209831,0.15385483131180716
4,breast-w,mean_abs_corr,99.6764983824919,0.61335680043139
5,mfeat-karhunen,mean_abs_corr,79.04689523447618,0.11683333765500634
6,mfeat-morphological,mean_abs_corr,99.4319971599858,0.5605384116236128
7,mfeat-zernike,mean_abs_corr,94.10647053235266,0.28641118989453695
8,cmc,mean_abs_corr,99.5079975399877,0.5753987072020043
9,optdigits,mean_abs_corr,80.37240186200931,0.1259987107847271
10,credit-approval,mean_abs_corr,85.97742988714944,0.17320539789592834
11,credit-g,mean_abs_corr,78.09839049195246,0.1107894523992708
12,pendigits,mean_abs_corr,93.3919669598348,0.2720592728455589
13,diabetes,mean_abs_corr,85.65842829214147,0.1700815511070132
14,spambase,mean_abs_corr,65.89782948914744,0.04475026748087898
15,splice,mean_abs_corr,,
16,tic-tac-toe,mean_abs_corr,,
17,vehicle,mean_abs_corr,97.84948924744624,0.40549133038656854
18,electricity,mean_abs_corr,94.75847379236896,0.30073117230567875
19,satimage,mean_abs_corr,98.88149440747203,0.4821011452167402
20,eucalyptus,mean_abs_corr,81.57940789703947,0.13499592205954353
21,sick,mean_abs_corr,92.9359646798234,0.26421284331867584
22,analcatdata_authorship,mean_abs_corr,82.30741153705769,0.14059205457705964
23,analcatdata_dmft,mean_abs_corr,,
24,pc4,mean_abs_corr,95.9479797398987,0.3319753994263056
25,pc3,mean_abs_corr,98.08149040745204,0.4194959028899152
26,jm1,mean_abs_corr,99.60299801499008,0.5958223435422202
27,kc2,mean_abs_corr,99.91449957249786,0.765465325176264
28,kc1,mean_abs_corr,99.88849944249722,0.7264267005330998
29,pc1,mean_abs_corr,99.83899919499596,0.6783685914924835
30,adult,mean_abs_corr,71.40085700428503,0.07357476784893155
31,wdbc,mean_abs_corr,97.92348961744808,0.4092118090585425
32,phoneme,mean_abs_corr,80.91440457202286,0.1299061610232783
33,qsar-biodeg,mean_abs_corr,86.16593082965414,0.17508816467805938
34,wall-robot-navigation,mean_abs_corr,87.51093755468777,0.18896273195517793
35,semeion,mean_abs_corr,73.61086805434027,0.08501419642224463
36,ilpd,mean_abs_corr,88.49894249471248,0.20028377917682688
37,madelon,mean_abs_corr,11.116055580277902,0.03322014704102744
38,nomao,mean_abs_corr,91.89945949729749,0.24651426859558503
39,ozone-level-8hr,mean_abs_corr,96.0279801399007,0.33445373863867034
40,first-order-theorem-proving,mean_abs_corr,93.06296531482657,0.2664309461509283
41,banknote-authentication,mean_abs_corr,98.0924904624523,0.4204908625313724
42,blood-transfusion-service-center,mean_abs_corr,98.74949374746875,0.46934163969416604
43,PhishingWebsites,mean_abs_corr,,
44,cylinder-bands,mean_abs_corr,72.87086435432177,0.08124511927688709
45,bank-marketing,mean_abs_corr,74.4038720193601,0.08928160684560302
46,GesturePhaseSegmentationProcessed,mean_abs_corr,82.19391096955485,0.13969783877828457
47,dresses-sales,mean_abs_corr,,
48,connect-4,mean_abs_corr,,
49,MiceProtein,mean_abs_corr,93.88846944234722,0.28176485044342653
50,steel-plates-fault,mean_abs_corr,91.45645728228641,0.23999096208961132
51,climate-model-simulation-crashes,mean_abs_corr,0.14400072000360004,0.01298871296064928
52,wilt,mean_abs_corr,91.67695838479193,0.24300200769076752
53,car,mean_abs_corr,,
54,segment,mean_abs_corr,95.11347556737783,0.30920845917749934
55,mfeat-pixel,mean_abs_corr,84.319921599608,0.15722510773944195
56,jungle_chess_2pcs_raw_endgame_complete,mean_abs_corr,65.17882589412946,0.04222567125288175
57,numerai28.6,mean_abs_corr,92.69746348731744,0.25970312614367946
58,dna,mean_abs_corr,,
59,churn,mean_abs_corr,70.58735293676467,0.0692636969400425
0,kr-vs-kp,effective_rank,,
1,balance-scale,effective_rank,4.1960209801049,3.997774017300971
2,mfeat-factors,effective_rank,7.1895359476797385,5.699474083076712
3,mfeat-fourier,effective_rank,19.790598952994763,11.047113155501503
4,breast-w,effective_rank,2.598512992564963,3.346778186258927
5,mfeat-karhunen,effective_rank,14.032070160350802,8.83956883147421
6,mfeat-morphological,effective_rank,0.0025000125000625003,1.000039784201778
7,mfeat-zernike,effective_rank,7.507537537687689,5.904975193521973
8,cmc,effective_rank,0.02200011000055,1.2357060455512956
9,optdigits,effective_rank,18.505092525462626,10.714984421335984
10,credit-approval,effective_rank,0.006500032500162501,1.008568609387266
11,credit-g,effective_rank,0.0035000175000875007,1.0003038557332176
12,pendigits,effective_rank,10.79555397776989,7.209037289208136
13,diabetes,effective_rank,0.06850034250171251,1.5984497844650751
14,spambase,effective_rank,2.8535142675713376,3.5668686133682854
15,splice,effective_rank,,
16,tic-tac-toe,effective_rank,,
17,vehicle,effective_rank,0.0255001275006375,1.259593677860398
18,electricity,effective_rank,2.5785128925644627,3.3233493129241594
19,satimage,effective_rank,2.99401497007485,3.676105320977204
20,eucalyptus,effective_rank,0.041000205001025004,1.4342836731383062
21,sick,effective_rank,0.9460047300236502,2.420155250310727
22,analcatdata_authorship,effective_rank,2.558512792563963,3.303203123127281
23,analcatdata_dmft,effective_rank,,
24,pc4,effective_rank,0.006000030000150001,1.0050568384570586
25,pc3,effective_rank,0.006500032500162501,1.0090526346485529
26,jm1,effective_rank,0.0035000175000875007,1.0003672525124898
27,kc2,effective_rank,0.0035000175000875007,1.0007754285716235
28,kc1,effective_rank,0.004000020000100001,1.0010194505326344
29,pc1,effective_rank,0.0035000175000875007,1.0002186169151517
30,adult,effective_rank,0.009500047500237502,1.0339217393025963
31,wdbc,effective_rank,0.009500047500237502,1.044276645354558
32,phoneme,effective_rank,5.041525207626038,4.687000939286202
33,qsar-biodeg,effective_rank,8.589042945214725,6.202694208183563
34,wall-robot-navigation,effective_rank,25.314126570632855,13.353790799148983
35,semeion,effective_rank,37.13718568592843,17.118004073614294
36,ilpd,effective_rank,0.8375041875209375,2.242691966657961
37,madelon,effective_rank,25.286626433132163,13.340218183072274
38,nomao,effective_rank,10.78605393026965,7.201913115137696
39,ozone-level-8hr,effective_rank,0.991004955024775,2.487297465854198
40,first-order-theorem-proving,effective_rank,15.166575832879165,9.129161471144142
41,banknote-authentication,effective_rank,0.7805039025195126,2.154003114479117
42,blood-transfusion-service-center,effective_rank,0.004500022500112501,1.0018836029660045
43,PhishingWebsites,effective_rank,,
44,cylinder-bands,effective_rank,0.0070000350001750014,1.0116119266995047
45,bank-marketing,effective_rank,0.013000065000325002,1.066234897303621
46,GesturePhaseSegmentationProcessed,effective_rank,9.957549787748938,6.946429645660106
47,dresses-sales,effective_rank,,
48,connect-4,effective_rank,,
49,MiceProtein,effective_rank,0.7740038700193501,2.1425255095639253
50,steel-plates-fault,effective_rank,0.0025000125000625003,1.0000653812470934
51,climate-model-simulation-crashes,effective_rank,40.63320316601583,17.960215795915357
52,wilt,effective_rank,0.17950089750448753,1.9083194282814617
53,car,effective_rank,,
54,segment,effective_rank,1.0535052675263377,2.571651514899426
55,mfeat-pixel,effective_rank,22.86561432807164,12.421091198151744
56,jungle_chess_2pcs_raw_endgame_complete,effective_rank,7.324536622683113,5.790872184544962
57,numerai28.6,effective_rank,15.669578347891738,9.435034604136133
58,dna,effective_rank,,
59,churn,effective_rank,0.009500047500237502,1.0445702011665672
0,kr-vs-kp,n_numeric_features,0.0,0.0
1,balance-scale,n_numeric_features,2.0484999999999998,4.0
2,mfeat-factors,n_numeric_features,100.0,216.0
3,mfeat-fourier,n_numeric_features,75.40299999999999,76.0
4,breast-w,n_numeric_features,7.163,9.0
5,mfeat-karhunen,n_numeric_features,63.25775,64.0
6,mfeat-morphological,n_numeric_features,4.10625,6.0
7,mfeat-zernike,n_numeric_features,46.096,47.0
8,cmc,n_numeric_features,0.2595,2.0
9,optdigits,n_numeric_features,63.25775,64.0
10,credit-approval,n_numeric_features,4.10625,6.0
11,credit-g,n_numeric_features,5.1155,7.0
12,pendigits,n_numeric_features,14.454749999999999,16.0
13,diabetes,n_numeric_features,6.142,8.0
14,spambase,n_numeric_features,56.13,57.0
15,splice,n_numeric_features,0.0,0.0
16,tic-tac-toe,n_numeric_features,0.0,0.0
17,vehicle,n_numeric_features,16.494500000000002,18.0
18,electricity,n_numeric_features,5.1155,7.0
19,satimage,n_numeric_features,34.85475,36.0
20,eucalyptus,n_numeric_features,12.41975,14.0
21,sick,n_numeric_features,4.10625,6.0
22,analcatdata_authorship,n_numeric_features,69.28925,70.0
23,analcatdata_dmft,n_numeric_features,0.0,0.0
24,pc4,n_numeric_features,35.86475,37.0
25,pc3,n_numeric_features,35.86475,37.0
26,jm1,n_numeric_features,19.51775,21.0
27,kc2,n_numeric_features,19.51775,21.0
28,kc1,n_numeric_features,19.51775,21.0
29,pc1,n_numeric_features,19.51775,21.0
30,adult,n_numeric_features,4.10625,6.0
31,wdbc,n_numeric_features,28.739749999999997,30.0
32,phoneme,n_numeric_features,3.08425,5.0
33,qsar-biodeg,n_numeric_features,39.96875,41.0
34,wall-robot-navigation,n_numeric_features,22.6285,24.0
35,semeion,n_numeric_features,100.0,256.0
36,ilpd,n_numeric_features,7.163,9.0
37,madelon,n_numeric_features,100.0,500.0
38,nomao,n_numeric_features,88.77275,89.0
39,ozone-level-8hr,n_numeric_features,71.32125,72.0
40,first-order-theorem-proving,n_numeric_features,50.1105,51.0
41,banknote-authentication,n_numeric_features,2.0484999999999998,4.0
42,blood-transfusion-service-center,n_numeric_features,2.0484999999999998,4.0
43,PhishingWebsites,n_numeric_features,0.0,0.0
44,cylinder-bands,n_numeric_features,16.494500000000002,18.0
45,bank-marketing,n_numeric_features,5.1155,7.0
46,GesturePhaseSegmentationProcessed,n_numeric_features,30.778499999999998,32.0
47,dresses-sales,n_numeric_features,0.00025,1.0
48,connect-4,n_numeric_features,0.0,0.0
49,MiceProtein,n_numeric_features,76.414,77.0
50,steel-plates-fault,n_numeric_features,25.68875,27.0
51,climate-model-simulation-crashes,n_numeric_features,16.494500000000002,18.0
52,wilt,n_numeric_features,3.08425,5.0
53,car,n_numeric_features,0.0,0.0
54,segment,n_numeric_features,14.454749999999999,16.0
55,mfeat-pixel,n_numeric_features,100.0,240.0
56,jungle_chess_2pcs_raw_endgame_complete,n_numeric_features,4.10625,6.0
57,numerai28.6,n_numeric_features,19.51775,21.0
58,dna,n_numeric_features,0.0,0.0
59,churn,n_numeric_features,14.454749999999999,16.0
0,kr-vs-kp,n_categorical_features,100.0,36.0
1,balance-scale,n_categorical_features,50.0,0.0
2,mfeat-factors,n_categorical_features,50.0,0.0
3,mfeat-fourier,n_categorical_features,50.0,0.0
4,breast-w,n_categorical_features,50.0,0.0
5,mfeat-karhunen,n_categorical_features,50.0,0.0
6,mfeat-morphological,n_categorical_features,50.0,0.0
7,mfeat-zernike,n_categorical_features,50.0,0.0
8,cmc,n_categorical_features,100.0,7.0
9,optdigits,n_categorical_features,50.0,0.0
10,credit-approval,n_categorical_features,100.0,9.0
11,credit-g,n_categorical_features,100.0,13.0
12,pendigits,n_categorical_features,50.0,0.0
13,diabetes,n_categorical_features,50.0,0.0
14,spambase,n_categorical_features,50.0,0.0
15,splice,n_categorical_features,100.0,60.0
16,tic-tac-toe,n_categorical_features,100.0,9.0
17,vehicle,n_categorical_features,50.0,0.0
18,electricity,n_categorical_features,100.0,1.0
19,satimage,n_categorical_features,50.0,0.0
20,eucalyptus,n_categorical_features,100.0,5.0
21,sick,n_categorical_features,100.0,23.0
22,analcatdata_authorship,n_categorical_features,50.0,0.0
23,analcatdata_dmft,n_categorical_features,100.0,4.0
24,pc4,n_categorical_features,50.0,0.0
25,pc3,n_categorical_features,50.0,0.0
26,jm1,n_categorical_features,50.0,0.0
27,kc2,n_categorical_features,50.0,0.0
28,kc1,n_categorical_features,50.0,0.0
29,pc1,n_categorical_features,50.0,0.0
30,adult,n_categorical_features,100.0,8.0
31,wdbc,n_categorical_features,50.0,0.0
32,phoneme,n_categorical_features,50.0,0.0
33,qsar-biodeg,n_categorical_features,50.0,0.0
34,wall-robot-navigation,n_categorical_features,50.0,0.0
35,semeion,n_categorical_features,50.0,0.0
36,ilpd,n_categorical_features,100.0,1.0
37,madelon,n_categorical_features,50.0,0.0
38,nomao,n_categorical_features,100.0,29.0
39,ozone-level-8hr,n_categorical_features,50.0,0.0
40,first-order-theorem-proving,n_categorical_features,50.0,0.0
41,banknote-authentication,n_categorical_features,50.0,0.0
42,blood-transfusion-service-center,n_categorical_features,50.0,0.0
43,PhishingWebsites,n_categorical_features,100.0,30.0
44,cylinder-bands,n_categorical_features,100.0,19.0
45,bank-marketing,n_categorical_features,100.0,9.0
46,GesturePhaseSegmentationProcessed,n_categorical_features,50.0,0.0
47,dresses-sales,n_categorical_features,100.0,11.0
48,connect-4,n_categorical_features,100.0,42.0
49,MiceProtein,n_categorical_features,50.0,0.0
50,steel-plates-fault,n_categorical_features,50.0,0.0
51,climate-model-simulation-crashes,n_categorical_features,50.0,0.0
52,wilt,n_categorical_features,50.0,0.0
53,car,n_categorical_features,100.0,6.0
54,segment,n_categorical_features,50.0,0.0
55,mfeat-pixel,n_categorical_features,50.0,0.0
56,jungle_chess_2pcs_raw_endgame_complete,n_categorical_features,50.0,0.0
57,numerai28.6,n_categorical_features,50.0,0.0
58,dna,n_categorical_features,100.0,180.0
59,churn,n_categorical_features,100.0,4.0
0,kr-vs-kp,frac_numeric_features,0.0,0.0
1,balance-scale,frac_numeric_features,50.0,1.0
2,mfeat-factors,frac_numeric_features,50.0,1.0
3,mfeat-fourier,frac_numeric_features,50.0,1.0
4,breast-w,frac_numeric_features,50.0,1.0
5,mfeat-karhunen,frac_numeric_features,50.0,1.0
6,mfeat-morphological,frac_numeric_features,50.0,1.0
7,mfeat-zernike,frac_numeric_features,50.0,1.0
8,cmc,frac_numeric_features,0.0,0.2222222222222222
9,optdigits,frac_numeric_features,50.0,1.0
10,credit-approval,frac_numeric_features,0.0,0.4
11,credit-g,frac_numeric_features,0.0,0.35
12,pendigits,frac_numeric_features,50.0,1.0
13,diabetes,frac_numeric_features,50.0,1.0
14,spambase,frac_numeric_features,50.0,1.0
15,splice,frac_numeric_features,0.0,0.0
16,tic-tac-toe,frac_numeric_features,0.0,0.0
17,vehicle,frac_numeric_features,50.0,1.0
18,electricity,frac_numeric_features,0.0,0.875
19,satimage,frac_numeric_features,50.0,1.0
20,eucalyptus,frac_numeric_features,0.0,0.7368421052631579
21,sick,frac_numeric_features,0.0,0.20689655172413793
22,analcatdata_authorship,frac_numeric_features,50.0,1.0
23,analcatdata_dmft,frac_numeric_features,0.0,0.0
24,pc4,frac_numeric_features,50.0,1.0
25,pc3,frac_numeric_features,50.0,1.0
26,jm1,frac_numeric_features,50.0,1.0
27,kc2,frac_numeric_features,50.0,1.0
28,kc1,frac_numeric_features,50.0,1.0
29,pc1,frac_numeric_features,50.0,1.0
30,adult,frac_numeric_features,0.0,0.42857142857142855
31,wdbc,frac_numeric_features,50.0,1.0
32,phoneme,frac_numeric_features,50.0,1.0
33,qsar-biodeg,frac_numeric_features,50.0,1.0
34,wall-robot-navigation,frac_numeric_features,50.0,1.0
35,semeion,frac_numeric_features,50.0,1.0
36,ilpd,frac_numeric_features,0.0,0.9
37,madelon,frac_numeric_features,50.0,1.0
38,nomao,frac_numeric_features,0.0,0.7542372881355932
39,ozone-level-8hr,frac_numeric_features,50.0,1.0
40,first-order-theorem-proving,frac_numeric_features,50.0,1.0
41,banknote-authentication,frac_numeric_features,50.0,1.0
42,blood-transfusion-service-center,frac_numeric_features,50.0,1.0
43,PhishingWebsites,frac_numeric_features,0.0,0.0
44,cylinder-bands,frac_numeric_features,0.0,0.4864864864864865
45,bank-marketing,frac_numeric_features,0.0,0.4375
46,GesturePhaseSegmentationProcessed,frac_numeric_features,50.0,1.0
47,dresses-sales,frac_numeric_features,0.0,0.08333333333333333
48,connect-4,frac_numeric_features,0.0,0.0
49,MiceProtein,frac_numeric_features,50.0,1.0
50,steel-plates-fault,frac_numeric_features,50.0,1.0
51,climate-model-simulation-crashes,frac_numeric_features,50.0,1.0
52,wilt,frac_numeric_features,50.0,1.0
53,car,frac_numeric_features,0.0,0.0
54,segment,frac_numeric_features,50.0,1.0
55,mfeat-pixel,frac_numeric_features,50.0,1.0
56,jungle_chess_2pcs_raw_endgame_complete,frac_numeric_features,50.0,1.0
57,numerai28.6,frac_numeric_features,50.0,1.0
58,dna,frac_numeric_features,0.0,0.0
59,churn,frac_numeric_features,0.0,0.8
0,kr-vs-kp,frac_categorical_features,100.0,1.0
1,balance-scale,frac_categorical_features,50.0,0.0
2,mfeat-factors,frac_categorical_features,50.0,0.0
3,mfeat-fourier,frac_categorical_features,50.0,0.0
4,breast-w,frac_categorical_features,50.0,0.0
5,mfeat-karhunen,frac_categorical_features,50.0,0.0
6,mfeat-morphological,frac_categorical_features,50.0,0.0
7,mfeat-zernike,frac_categorical_features,50.0,0.0
8,cmc,frac_categorical_features,100.0,0.7777777777777778
9,optdigits,frac_categorical_features,50.0,0.0
10,credit-approval,frac_categorical_features,100.0,0.6
11,credit-g,frac_categorical_features,100.0,0.65
12,pendigits,frac_categorical_features,50.0,0.0
13,diabetes,frac_categorical_features,50.0,0.0
14,spambase,frac_categorical_features,50.0,0.0
15,splice,frac_categorical_features,100.0,1.0
16,tic-tac-toe,frac_categorical_features,100.0,1.0
17,vehicle,frac_categorical_features,50.0,0.0
18,electricity,frac_categorical_features,100.0,0.125
19,satimage,frac_categorical_features,50.0,0.0
20,eucalyptus,frac_categorical_features,100.0,0.2631578947368421
21,sick,frac_categorical_features,100.0,0.7931034482758621
22,analcatdata_authorship,frac_categorical_features,50.0,0.0
23,analcatdata_dmft,frac_categorical_features,100.0,1.0
24,pc4,frac_categorical_features,50.0,0.0
25,pc3,frac_categorical_features,50.0,0.0
26,jm1,frac_categorical_features,50.0,0.0
27,kc2,frac_categorical_features,50.0,0.0
28,kc1,frac_categorical_features,50.0,0.0
29,pc1,frac_categorical_features,50.0,0.0
30,adult,frac_categorical_features,100.0,0.5714285714285714
31,wdbc,frac_categorical_features,50.0,0.0
32,phoneme,frac_categorical_features,50.0,0.0
33,qsar-biodeg,frac_categorical_features,50.0,0.0
34,wall-robot-navigation,frac_categorical_features,50.0,0.0
35,semeion,frac_categorical_features,50.0,0.0
36,ilpd,frac_categorical_features,100.0,0.1
37,madelon,frac_categorical_features,50.0,0.0
38,nomao,frac_categorical_features,100.0,0.2457627118644068
39,ozone-level-8hr,frac_categorical_features,50.0,0.0
40,first-order-theorem-proving,frac_categorical_features,50.0,0.0
41,banknote-authentication,frac_categorical_features,50.0,0.0
42,blood-transfusion-service-center,frac_categorical_features,50.0,0.0
43,PhishingWebsites,frac_categorical_features,100.0,1.0
44,cylinder-bands,frac_categorical_features,100.0,0.5135135135135135
45,bank-marketing,frac_categorical_features,100.0,0.5625
46,GesturePhaseSegmentationProcessed,frac_categorical_features,50.0,0.0
47,dresses-sales,frac_categorical_features,100.0,0.9166666666666666
48,connect-4,frac_categorical_features,100.0,1.0
49,MiceProtein,frac_categorical_features,50.0,0.0
50,steel-plates-fault,frac_categorical_features,50.0,0.0
51,climate-model-simulation-crashes,frac_categorical_features,50.0,0.0
52,wilt,frac_categorical_features,50.0,0.0
53,car,frac_categorical_features,100.0,1.0
54,segment,frac_categorical_features,50.0,0.0
55,mfeat-pixel,frac_categorical_features,50.0,0.0
56,jungle_chess_2pcs_raw_endgame_complete,frac_categorical_features,50.0,0.0
57,numerai28.6,frac_categorical_features,50.0,0.0
58,dna,frac_categorical_features,100.0,1.0
59,churn,frac_categorical_features,100.0,0.2
